#The following lines beginning with # are comments. Readable columns names and datatypes are provided as informational comment lines in addition to the database column names.,,,,,,,,,,,,,,,,,,,,,,,,,,,,,,,,,,,,,,,,,,,,,,,,,,,,,,,,,,,,,,,,,,,,,,,,,,,,,,,,,,,,,,,,,,,,,,,,,,,,,,,,,,,,,,,,,,,,,,,,,,,,,,,,,,,,,,,,,,,,,,,,,,,,,,,,,,,,,,,,,,,,,,,,,,,,,,,,,,,,,,,,,,,,,,,,,,,,,,,,,,,,,,,,,,,,,,,,,,,,,
#If you want to re-upload this table import it as a Generic Table with these header lines unmodified.,,,,,,,,,,,,,,,,,,,,,,,,,,,,,,,,,,,,,,,,,,,,,,,,,,,,,,,,,,,,,,,,,,,,,,,,,,,,,,,,,,,,,,,,,,,,,,,,,,,,,,,,,,,,,,,,,,,,,,,,,,,,,,,,,,,,,,,,,,,,,,,,,,,,,,,,,,,,,,,,,,,,,,,,,,,,,,,,,,,,,,,,,,,,,,,,,,,,,,,,,,,,,,,,,,,,,,,,,,,,,
#ArchiveFileID, filename, fileSetName, productLevel, act_id, apername, asnpool, asntable, bartdelt, bendtime, bkgdtarg, bkglevel, bkgsub, bmidtime, bstrtime, category, cont_id, datamode, dataprob, date, date_mjd, date_end, date_end_mjd, date_obs, date_obs_mjd, detector, drpfrms1, drpfrms3, duration, effexptm, effinttm, eng_qual, exp_type, expcount, expend, expmid, exposure, expripar, expstart, fastaxis, filter, frmdivsr, gainfact, gdstarid, groupgap, gs_dec, gs_mag, gs_order, gs_ra, gsendtim, gsendtim_mjd, gsstrttm, gsstrttm_mjd, gs_udec, gs_umag, gs_ura, helidelt, hendtime, hga_move, hmidtime, hstrtime, instrume, intarget, is_psf, lamp, mu_dec, mu_epoch, mu_epoch_mjd, mu_ra, nexposur, nextend, nframes, ngroups, nints, nresets, nrststrt, nsamples, numdthpt, nwfsest, obs_id, observtn, obslabel, origin, pcs_mode, pi_name, pps_aper, prd_ver, program, prop_dec, prop_ra, pwfseet, readpatt, sca_num, scicat, sdp_ver, selfref, seq_id, slowaxis, subarray, subcat, subsize1, subsize2, substrt1, substrt2, targ_dec, targ_ra, targname, targoopp, targprop, targtype, targudec, targura, telescop, template, tframe, tgroup, timesys, title, tsample, tsovisit, visit, visit_id, visitend, visitend_mjd, visitgrp, visitsta, visitype, vststart, vststart_mjd, xoffset, yoffset, zerofram, errtype, rois, roiw, wpower, wtype, datamodl, exp_only, exsegnum, exsegtot, intstart, intend, date_beg, date_beg_mjd, obsfoldr, sctarate, opmode, osf_file, expsteng, expsteng_mjd, masterbg, scatfile, srctyapt, tcatfile, texptime, patt_num, pattsize, patttype, pridtpts, subpxpts, crowdfld, engqlptg, oss_ver, noutputs, gs_v3_pa, dirimage, pixfrac, pxsclrt, segmfile, va_dec, va_ra, compress, bkgmeth, targcat, targdesc, gsc_ver, primecrs, extncrs, tmeasure, s_region, cal_ver, cal_vcs, crds_ctx, crds_ver, channel, coronmsk, fa1value, fa2value, fa3value, fam_la1, fam_la2, fam_la3, faphase1, faphase2, faphase3, fastep1, fastep2, fastep3, faunit1, faunit2, faunit3, module, pilin, pupil, subpxpat, pridtype, smgrdpat, fileSize, checksum, ingestStartDate, ingestStartDate_mjd, ingestCompletionDate, ingestCompletionDate_mjd, FileTypeID, publicReleaseDate, publicReleaseDate_mjd, isRestricted, isItar, isStale, FileSetId, dataURI
#@string, string, string, string, string, string, string, string, float, float, string, float, string, float, float, string, int, string, string, date, float, date, float, date, float, string, string, string, float, float, float, string, string, int, float, float, int, string, float, int, string, string, float, string, string, float, float, int, float, date, float, date, float, float, float, float, float, float, string, float, float, string, string, string, string, float, date, float, float, int, int, string, int, int, string, string, string, int, float, string, string, string, string, string, string, string, string, int, float, float, float, string, string, string, string, string, string, int, string, string, int, int, string, string, float, float, string, string, string, string, float, float, string, string, float, float, string, string, float, string, string, string, date, float, string, string, string, date, float, float, float, string, string, float, float, float, string, string, string, int, int, int, int, date, float, string, float, string, string, date, float, string, string, string, string, float, string, string, string, string, string, string, string, string, string, float, string, float, float, string, float, float, string, string, string, string, string, float, float, float, string, string, string, string, string, string, string, int, int, int, int, int, int, string, string, string, int, int, int, float, float, float, string, string, string, string, string, string, string, string, date, float, date, float, int, date, float, string, string, string, string, string
ArchiveFileID,filename,fileSetName,productLevel,act_id,apername,asnpool,asntable,bartdelt,bendtime,bkgdtarg,bkglevel,bkgsub,bmidtime,bstrtime,category,cont_id,datamode,dataprob,date,date_mjd,date_end,date_end_mjd,date_obs,date_obs_mjd,detector,drpfrms1,drpfrms3,duration,effexptm,effinttm,eng_qual,exp_type,expcount,expend,expmid,exposure,expripar,expstart,fastaxis,filter,frmdivsr,gainfact,gdstarid,groupgap,gs_dec,gs_mag,gs_order,gs_ra,gsendtim,gsendtim_mjd,gsstrttm,gsstrttm_mjd,gs_udec,gs_umag,gs_ura,helidelt,hendtime,hga_move,hmidtime,hstrtime,instrume,intarget,is_psf,lamp,mu_dec,mu_epoch,mu_epoch_mjd,mu_ra,nexposur,nextend,nframes,ngroups,nints,nresets,nrststrt,nsamples,numdthpt,nwfsest,obs_id,observtn,obslabel,origin,pcs_mode,pi_name,pps_aper,prd_ver,program,prop_dec,prop_ra,pwfseet,readpatt,sca_num,scicat,sdp_ver,selfref,seq_id,slowaxis,subarray,subcat,subsize1,subsize2,substrt1,substrt2,targ_dec,targ_ra,targname,targoopp,targprop,targtype,targudec,targura,telescop,template,tframe,tgroup,timesys,title,tsample,tsovisit,visit,visit_id,visitend,visitend_mjd,visitgrp,visitsta,visitype,vststart,vststart_mjd,xoffset,yoffset,zerofram,errtype,rois,roiw,wpower,wtype,datamodl,exp_only,exsegnum,exsegtot,intstart,intend,date_beg,date_beg_mjd,obsfoldr,sctarate,opmode,osf_file,expsteng,expsteng_mjd,masterbg,scatfile,srctyapt,tcatfile,texptime,patt_num,pattsize,patttype,pridtpts,subpxpts,crowdfld,engqlptg,oss_ver,noutputs,gs_v3_pa,dirimage,pixfrac,pxsclrt,segmfile,va_dec,va_ra,compress,bkgmeth,targcat,targdesc,gsc_ver,primecrs,extncrs,tmeasure,s_region,cal_ver,cal_vcs,crds_ctx,crds_ver,channel,coronmsk,fa1value,fa2value,fa3value,fam_la1,fam_la2,fam_la3,faphase1,faphase2,faphase3,fastep1,fastep2,fastep3,faunit1,faunit2,faunit3,module,pilin,pupil,subpxpat,pridtype,smgrdpat,fileSize,checksum,ingestStartDate,ingestStartDate_mjd,ingestCompletionDate,ingestCompletionDate_mjd,FileTypeID,publicReleaseDate,publicReleaseDate_mjd,isRestricted,isItar,isStale,FileSetId,dataURI
122104814,jw01685013001_04101_00004_nrcb2_cal.fits,jw01685013001_04101_00004,2b,1,NRCB2_FULL,jw01685_20240910t234537_pool.csv,jw01685-o013_20240910t234537_image2_00004_asn.json,94.39261942,60158.93796,f,NaN,,60158.93485,60158.93175,GO,,29,f,9/11/2024 0:21,60564.01496,8/2/2023 22:29,60158.93687,8/2/2023 22:20,60158.93065,NRCB2,0,0,526.102,526.102,526.10173,OK,NRC_IMAGE,6,60158.93687,60158.93376,4,PRIME,60158.93065,-1,F150W,4,NaN,S2I7000127,1,-44.53244287,14.13493538,1,56.19555614,8/2/2023 21:11,60158.88319,8/2/2023 21:07,60158.8804,0.019155813,0.016400617,0.017505582,96.41532395,60158.93798,f,60158.93488,60158.93177,NIRCAM,f,,,0,7/2/2015 12:00,57205.5,0,8,,4,10,1,1,0,1,4,60160.32013,V01685013001P0000000004101,13,N1448_1,STSCI,FINEGUIDE,"Riess, Adam",NRCALL_FULL,PRDOPSSOC-067,1685,-44.61583333,56.16375,60158.45268,SHALLOW4,487,Stellar Populations and the Interstellar Medium,2024_2a,,1,2,FULL,,2048,2048,1,1,-44.61583333,56.16375,NGC 1448,f,NGC-1448,FIXED,0.1,0.1,JWST,NIRCam Imaging,10.73677,53.68385,UTC,Uncrowding the Cepheids for an Improved Determination of the Hubble Constant,10,f,1,1685013001,8/2/2023 22:30,60158.93787,4,SUCCESSFUL,PRIME_TARGETED_FIXED,8/2/2023 20:41,60158.86189,86.0314377,3.04664292,t,,NaN,NaN,NaN,,ImageModel,f,,,,,8/2/2023 22:20,60158.93065,N1448,-0.044454242,,2023215T000627719_001_osf.xml,0,NaN,,,,,NaN,4,,NONE,1,4,f,CALCULATED_TRACK_TR_202111,8.7,4,250.8025863,,NaN,NaN,,-44.61703687,56.17887171,f,,Galaxy,Field galaxies,GSC30,0.0666554,0.149519061,483.15465,POLYGON ICRS  56.189235318 -44.610457432 56.165511695 -44.616184633 56.173336790 -44.632867043 56.197122293 -44.627383937,1.15.1,RELEASE,jwst_1276.pmap,11.17.25,SHORT,,0,0,0,0,0,0,NULL,NULL,NULL,0,0,0,0,0,0,B,f,CLEAR,SMALL-GRID-DITHER,1,4,117544320,3a709de0b7c671aa4c646b98f86f12d7,9/11/2024 0:22,60564.01575,9/11/2024 0:22,60564.01583,68,8/4/2024 9:44,60526.40588,FALSE,FALSE,FALSE,2686130,mast:JWST/product/jw01685013001_04101_00004_nrcb2_cal.fits
122104817,jw01685013001_04101_00004_nrcb2_i2d.fits,jw01685013001_04101_00004,2b,1,NRCB2_FULL,jw01685_20240910t234537_pool.csv,jw01685-o013_20240910t234537_image2_00004_asn.json,94.39261942,60158.93796,f,NaN,,60158.93485,60158.93175,GO,,29,f,9/11/2024 0:21,60564.01495,8/2/2023 22:29,60158.93687,8/2/2023 22:20,60158.93065,NRCB2,0,0,526.102,526.102,526.10173,OK,NRC_IMAGE,6,60158.93687,60158.93376,4,PRIME,60158.93065,-1,F150W,4,NaN,S2I7000127,1,-44.53244287,14.13493538,1,56.19555614,8/2/2023 21:11,60158.88319,8/2/2023 21:07,60158.8804,0.019155813,0.016400617,0.017505582,96.41532395,60158.93798,f,60158.93488,60158.93177,NIRCAM,f,,,0,7/2/2015 12:00,57205.5,0,8,,4,10,1,1,0,1,4,60160.32013,V01685013001P0000000004101,13,N1448_1,STSCI,FINEGUIDE,"Riess, Adam",NRCALL_FULL,PRDOPSSOC-067,1685,-44.61583333,56.16375,60158.45268,SHALLOW4,487,Stellar Populations and the Interstellar Medium,2024_2a,,1,2,FULL,,2048,2048,1,1,-44.61583333,56.16375,NGC 1448,f,NGC-1448,FIXED,0.1,0.1,JWST,NIRCam Imaging,10.73677,53.68385,UTC,Uncrowding the Cepheids for an Improved Determination of the Hubble Constant,10,f,1,1685013001,8/2/2023 22:30,60158.93787,4,SUCCESSFUL,PRIME_TARGETED_FIXED,8/2/2023 20:41,60158.86189,86.0314377,3.04664292,t,,NaN,NaN,NaN,,ImageModel,f,,,,,8/2/2023 22:20,60158.93065,N1448,-0.044454242,,2023215T000627719_001_osf.xml,0,NaN,,,,,NaN,4,,NONE,1,4,f,CALCULATED_TRACK_TR_202111,8.7,4,250.8025863,,1,1,,-44.61703687,56.17887171,f,,Galaxy,Field galaxies,GSC30,0.0666554,0.149519061,483.15465,POLYGON ICRS  56.189239228 -44.610451895 56.165459407 -44.616062946 56.173340819 -44.632991481 56.197126813 -44.627378794,1.15.1,RELEASE,jwst_1276.pmap,11.17.25,SHORT,,0,0,0,0,0,0,NULL,NULL,NULL,0,0,0,0,0,0,B,f,CLEAR,SMALL-GRID-DITHER,1,4,118673280,f88b3f9a091165b115477abe63c7dbc6,9/11/2024 0:22,60564.01575,9/11/2024 0:22,60564.01583,68,8/4/2024 9:44,60526.40589,FALSE,FALSE,FALSE,2686130,mast:JWST/product/jw01685013001_04101_00004_nrcb2_i2d.fits
122104877,jw01685013001_04101_00004_nrca4_cal.fits,jw01685013001_04101_00004,2b,1,NRCA4_FULL,jw01685_20240910t234537_pool.csv,jw01685-o013_20240910t234537_image2_00007_asn.json,94.39262508,60158.93796,f,NaN,,60158.93486,60158.93175,GO,,29,f,9/11/2024 0:21,60564.0149,8/2/2023 22:29,60158.93687,8/2/2023 22:20,60158.93066,NRCA4,0,0,526.102,526.102,526.10173,OK,NRC_IMAGE,6,60158.93687,60158.93376,4,PRIME,60158.93066,1,F150W,4,NaN,S2I7000127,1,-44.53244287,14.13493538,1,56.19555614,8/2/2023 21:11,60158.88319,8/2/2023 21:07,60158.8804,0.019155813,0.016400617,0.017505582,96.41532961,60158.93799,f,60158.93488,60158.93177,NIRCAM,f,,,0,7/2/2015 12:00,57205.5,0,8,,4,10,1,1,0,1,4,60160.32013,V01685013001P0000000004101,13,N1448_1,STSCI,FINEGUIDE,"Riess, Adam",NRCALL_FULL,PRDOPSSOC-067,1685,-44.61583333,56.16375,60158.45268,SHALLOW4,484,Stellar Populations and the Interstellar Medium,2024_2a,,1,-2,FULL,,2048,2048,1,1,-44.61583333,56.16375,NGC 1448,f,NGC-1448,FIXED,0.1,0.1,JWST,NIRCam Imaging,10.73677,53.68385,UTC,Uncrowding the Cepheids for an Improved Determination of the Hubble Constant,10,f,1,1685013001,8/2/2023 22:30,60158.93787,4,SUCCESSFUL,PRIME_TARGETED_FIXED,8/2/2023 20:41,60158.86189,86.0314377,3.04664292,t,,NaN,NaN,NaN,,ImageModel,f,,,,,8/2/2023 22:20,60158.93066,N1448,-0.044454242,,2023215T000627719_001_osf.xml,0,NaN,,,,,NaN,4,,NONE,1,4,f,CALCULATED_TRACK_TR_202111,8.7,4,250.8025863,,NaN,NaN,,-44.57708935,56.13230956,f,,Galaxy,Field galaxies,GSC30,0.064428898,0.139649816,483.15465,POLYGON ICRS  56.142301147 -44.570570147 56.119023218 -44.576398073 56.126984958 -44.592931299 56.150481542 -44.587250119,1.15.1,RELEASE,jwst_1276.pmap,11.17.25,SHORT,,0,0,0,0,0,0,NULL,NULL,NULL,0,0,0,0,0,0,A,f,CLEAR,SMALL-GRID-DITHER,1,4,117544320,74c5d76d630920de7395a614c7bfbc21,9/11/2024 0:22,60564.01582,9/11/2024 0:22,60564.01588,68,8/4/2024 9:44,60526.40574,FALSE,FALSE,FALSE,2686130,mast:JWST/product/jw01685013001_04101_00004_nrca4_cal.fits
122104880,jw01685013001_04101_00004_nrca4_i2d.fits,jw01685013001_04101_00004,2b,1,NRCA4_FULL,jw01685_20240910t234537_pool.csv,jw01685-o013_20240910t234537_image2_00007_asn.json,94.39262508,60158.93796,f,NaN,,60158.93486,60158.93175,GO,,29,f,9/11/2024 0:21,60564.01489,8/2/2023 22:29,60158.93687,8/2/2023 22:20,60158.93066,NRCA4,0,0,526.102,526.102,526.10173,OK,NRC_IMAGE,6,60158.93687,60158.93376,4,PRIME,60158.93066,1,F150W,4,NaN,S2I7000127,1,-44.53244287,14.13493538,1,56.19555614,8/2/2023 21:11,60158.88319,8/2/2023 21:07,60158.8804,0.019155813,0.016400617,0.017505582,96.41532961,60158.93799,f,60158.93488,60158.93177,NIRCAM,f,,,0,7/2/2015 12:00,57205.5,0,8,,4,10,1,1,0,1,4,60160.32013,V01685013001P0000000004101,13,N1448_1,STSCI,FINEGUIDE,"Riess, Adam",NRCALL_FULL,PRDOPSSOC-067,1685,-44.61583333,56.16375,60158.45268,SHALLOW4,484,Stellar Populations and the Interstellar Medium,2024_2a,,1,-2,FULL,,2048,2048,1,1,-44.61583333,56.16375,NGC 1448,f,NGC-1448,FIXED,0.1,0.1,JWST,NIRCam Imaging,10.73677,53.68385,UTC,Uncrowding the Cepheids for an Improved Determination of the Hubble Constant,10,f,1,1685013001,8/2/2023 22:30,60158.93787,4,SUCCESSFUL,PRIME_TARGETED_FIXED,8/2/2023 20:41,60158.86189,86.0314377,3.04664292,t,,NaN,NaN,NaN,,ImageModel,f,,,,,8/2/2023 22:20,60158.93066,N1448,-0.044454242,,2023215T000627719_001_osf.xml,0,NaN,,,,,NaN,4,,NONE,1,4,f,CALCULATED_TRACK_TR_202111,8.7,4,250.8025863,,1,1,,-44.57708935,56.13230956,f,,Galaxy,Field galaxies,GSC30,0.064428898,0.139649816,483.15465,POLYGON ICRS  56.142383710 -44.570545247 56.118935630 -44.576313643 56.127032671 -44.593017463 56.150486685 -44.587247408,1.15.1,RELEASE,jwst_1276.pmap,11.17.25,SHORT,,0,0,0,0,0,0,NULL,NULL,NULL,0,0,0,0,0,0,A,f,CLEAR,SMALL-GRID-DITHER,1,4,118673280,8f3bd46cc627909a64999b39e3e8dac6,9/11/2024 0:22,60564.01582,9/11/2024 0:22,60564.01588,68,8/4/2024 9:44,60526.40574,FALSE,FALSE,FALSE,2686130,mast:JWST/product/jw01685013001_04101_00004_nrca4_i2d.fits
122104964,jw01685013001_04101_00004_nrcb1_cal.fits,jw01685013001_04101_00004,2b,1,NRCB1_FULL,jw01685_20240910t234537_pool.csv,jw01685-o013_20240910t234537_image2_00005_asn.json,94.39261942,60158.93796,f,NaN,,60158.93485,60158.93175,GO,,29,f,9/11/2024 0:21,60564.01496,8/2/2023 22:29,60158.93687,8/2/2023 22:20,60158.93065,NRCB1,0,0,526.102,526.102,526.10173,OK,NRC_IMAGE,6,60158.93687,60158.93376,4,PRIME,60158.93065,1,F150W,4,NaN,S2I7000127,1,-44.53244287,14.13493538,1,56.19555614,8/2/2023 21:11,60158.88319,8/2/2023 21:07,60158.8804,0.019155813,0.016400617,0.017505582,96.41532395,60158.93798,f,60158.93488,60158.93177,NIRCAM,f,,,0,7/2/2015 12:00,57205.5,0,8,,4,10,1,1,0,1,4,60160.32013,V01685013001P0000000004101,13,N1448_1,STSCI,FINEGUIDE,"Riess, Adam",NRCALL_FULL,PRDOPSSOC-067,1685,-44.61583333,56.16375,60158.45268,SHALLOW4,486,Stellar Populations and the Interstellar Medium,2024_2a,,1,-2,FULL,,2048,2048,1,1,-44.61583333,56.16375,NGC 1448,f,NGC-1448,FIXED,0.1,0.1,JWST,NIRCam Imaging,10.73677,53.68385,UTC,Uncrowding the Cepheids for an Improved Determination of the Hubble Constant,10,f,1,1685013001,8/2/2023 22:30,60158.93787,4,SUCCESSFUL,PRIME_TARGETED_FIXED,8/2/2023 20:41,60158.86189,86.0314377,3.04664292,t,,NaN,NaN,NaN,,ImageModel,f,,,,,8/2/2023 22:20,60158.93065,N1448,-0.044454242,,2023215T000627719_001_osf.xml,0,NaN,,,,,NaN,4,,NONE,1,4,f,CALCULATED_TRACK_TR_202111,8.7,4,250.8025863,,NaN,NaN,,-44.62314932,56.15388108,f,,Galaxy,Field galaxies,GSC30,0.062598647,0.121885175,483.15465,POLYGON ICRS  56.163972623 -44.616692691 56.140677375 -44.622445106 56.148551822 -44.638899566 56.171885809 -44.633338719,1.15.1,RELEASE,jwst_1276.pmap,11.17.25,SHORT,,0,0,0,0,0,0,NULL,NULL,NULL,0,0,0,0,0,0,B,f,CLEAR,SMALL-GRID-DITHER,1,4,117544320,e5d3bff83e9e658457ba499b3526ac58,9/11/2024 0:22,60564.01587,9/11/2024 0:23,60564.01599,68,8/4/2024 9:44,60526.40595,FALSE,FALSE,FALSE,2686130,mast:JWST/product/jw01685013001_04101_00004_nrcb1_cal.fits
122104967,jw01685013001_04101_00004_nrcb1_i2d.fits,jw01685013001_04101_00004,2b,1,NRCB1_FULL,jw01685_20240910t234537_pool.csv,jw01685-o013_20240910t234537_image2_00005_asn.json,94.39261942,60158.93796,f,NaN,,60158.93485,60158.93175,GO,,29,f,9/11/2024 0:21,60564.01494,8/2/2023 22:29,60158.93687,8/2/2023 22:20,60158.93065,NRCB1,0,0,526.102,526.102,526.10173,OK,NRC_IMAGE,6,60158.93687,60158.93376,4,PRIME,60158.93065,1,F150W,4,NaN,S2I7000127,1,-44.53244287,14.13493538,1,56.19555614,8/2/2023 21:11,60158.88319,8/2/2023 21:07,60158.8804,0.019155813,0.016400617,0.017505582,96.41532395,60158.93798,f,60158.93488,60158.93177,NIRCAM,f,,,0,7/2/2015 12:00,57205.5,0,8,,4,10,1,1,0,1,4,60160.32013,V01685013001P0000000004101,13,N1448_1,STSCI,FINEGUIDE,"Riess, Adam",NRCALL_FULL,PRDOPSSOC-067,1685,-44.61583333,56.16375,60158.45268,SHALLOW4,486,Stellar Populations and the Interstellar Medium,2024_2a,,1,-2,FULL,,2048,2048,1,1,-44.61583333,56.16375,NGC 1448,f,NGC-1448,FIXED,0.1,0.1,JWST,NIRCam Imaging,10.73677,53.68385,UTC,Uncrowding the Cepheids for an Improved Determination of the Hubble Constant,10,f,1,1685013001,8/2/2023 22:30,60158.93787,4,SUCCESSFUL,PRIME_TARGETED_FIXED,8/2/2023 20:41,60158.86189,86.0314377,3.04664292,t,,NaN,NaN,NaN,,ImageModel,f,,,,,8/2/2023 22:20,60158.93065,N1448,-0.044454242,,2023215T000627719_001_osf.xml,0,NaN,,,,,NaN,4,,NONE,1,4,f,CALCULATED_TRACK_TR_202111,8.7,4,250.8025863,,1,1,,-44.62314932,56.15388108,f,,Galaxy,Field galaxies,GSC30,0.062598647,0.121885175,483.15465,POLYGON ICRS  56.163976384 -44.616687224 56.140636396 -44.622350154 56.148599402 -44.638979952 56.171945300 -44.633315399,1.15.1,RELEASE,jwst_1276.pmap,11.17.25,SHORT,,0,0,0,0,0,0,NULL,NULL,NULL,0,0,0,0,0,0,B,f,CLEAR,SMALL-GRID-DITHER,1,4,118451520,e08d76b388e814c7b53ee815b6df762d,9/11/2024 0:22,60564.01587,9/11/2024 0:23,60564.01599,68,8/4/2024 9:44,60526.40595,FALSE,FALSE,FALSE,2686130,mast:JWST/product/jw01685013001_04101_00004_nrcb1_i2d.fits
122104988,jw01685013001_04101_00004_nrca1_cal.fits,jw01685013001_04101_00004,2b,1,NRCA1_FULL,jw01685_20240910t234537_pool.csv,jw01685-o013_20240910t234537_image2_00010_asn.json,94.39262256,60158.93796,f,NaN,,60158.93486,60158.93175,GO,,29,f,9/11/2024 0:21,60564.01495,8/2/2023 22:29,60158.93687,8/2/2023 22:20,60158.93066,NRCA1,0,0,526.102,526.102,526.10173,OK,NRC_IMAGE,6,60158.93687,60158.93376,4,PRIME,60158.93066,-1,F150W,4,NaN,S2I7000127,1,-44.53244287,14.13493538,1,56.19555614,8/2/2023 21:11,60158.88319,8/2/2023 21:07,60158.8804,0.019155813,0.016400617,0.017505582,96.41532646,60158.93799,f,60158.93488,60158.93177,NIRCAM,f,,,0,7/2/2015 12:00,57205.5,0,8,,4,10,1,1,0,1,4,60160.32013,V01685013001P0000000004101,13,N1448_1,STSCI,FINEGUIDE,"Riess, Adam",NRCALL_FULL,PRDOPSSOC-067,1685,-44.61583333,56.16375,60158.45268,SHALLOW4,481,Stellar Populations and the Interstellar Medium,2024_2a,,1,2,FULL,,2048,2048,1,1,-44.61583333,56.16375,NGC 1448,f,NGC-1448,FIXED,0.1,0.1,JWST,NIRCam Imaging,10.73677,53.68385,UTC,Uncrowding the Cepheids for an Improved Determination of the Hubble Constant,10,f,1,1685013001,8/2/2023 22:30,60158.93787,4,SUCCESSFUL,PRIME_TARGETED_FIXED,8/2/2023 20:41,60158.86189,86.0314377,3.04664292,t,,NaN,NaN,NaN,,ImageModel,f,,,,,8/2/2023 22:20,60158.93066,N1448,-0.044454242,,2023215T000627719_001_osf.xml,0,NaN,,,,,NaN,4,,NONE,1,4,f,CALCULATED_TRACK_TR_202111,8.7,4,250.8025863,,NaN,NaN,,-44.55302797,56.14847648,f,,Galaxy,Field galaxies,GSC30,0.06188214,0.129287109,483.15465,POLYGON ICRS  56.158437304 -44.546282469 56.134969047 -44.552408169 56.143251252 -44.568992190 56.166897337 -44.563082209,1.15.1,RELEASE,jwst_1276.pmap,11.17.25,SHORT,,0,0,0,0,0,0,NULL,NULL,NULL,0,0,0,0,0,0,A,f,CLEAR,SMALL-GRID-DITHER,1,4,117541440,bdf33f19e8bf863d59f006d9002f727d,9/11/2024 0:22,60564.01588,9/11/2024 0:23,60564.01601,68,8/4/2024 9:44,60526.40586,FALSE,FALSE,FALSE,2686130,mast:JWST/product/jw01685013001_04101_00004_nrca1_cal.fits
122104991,jw01685013001_04101_00004_nrca1_i2d.fits,jw01685013001_04101_00004,2b,1,NRCA1_FULL,jw01685_20240910t234537_pool.csv,jw01685-o013_20240910t234537_image2_00010_asn.json,94.39262256,60158.93796,f,NaN,,60158.93486,60158.93175,GO,,29,f,9/11/2024 0:21,60564.01494,8/2/2023 22:29,60158.93687,8/2/2023 22:20,60158.93066,NRCA1,0,0,526.102,526.102,526.10173,OK,NRC_IMAGE,6,60158.93687,60158.93376,4,PRIME,60158.93066,-1,F150W,4,NaN,S2I7000127,1,-44.53244287,14.13493538,1,56.19555614,8/2/2023 21:11,60158.88319,8/2/2023 21:07,60158.8804,0.019155813,0.016400617,0.017505582,96.41532646,60158.93799,f,60158.93488,60158.93177,NIRCAM,f,,,0,7/2/2015 12:00,57205.5,0,8,,4,10,1,1,0,1,4,60160.32013,V01685013001P0000000004101,13,N1448_1,STSCI,FINEGUIDE,"Riess, Adam",NRCALL_FULL,PRDOPSSOC-067,1685,-44.61583333,56.16375,60158.45268,SHALLOW4,481,Stellar Populations and the Interstellar Medium,2024_2a,,1,2,FULL,,2048,2048,1,1,-44.61583333,56.16375,NGC 1448,f,NGC-1448,FIXED,0.1,0.1,JWST,NIRCam Imaging,10.73677,53.68385,UTC,Uncrowding the Cepheids for an Improved Determination of the Hubble Constant,10,f,1,1685013001,8/2/2023 22:30,60158.93787,4,SUCCESSFUL,PRIME_TARGETED_FIXED,8/2/2023 20:41,60158.86189,86.0314377,3.04664292,t,,NaN,NaN,NaN,,ImageModel,f,,,,,8/2/2023 22:20,60158.93066,N1448,-0.044454242,,2023215T000627719_001_osf.xml,0,NaN,,,,,NaN,4,,NONE,1,4,f,CALCULATED_TRACK_TR_202111,8.7,4,250.8025863,,1,1,,-44.55302797,56.14847648,f,,Galaxy,Field galaxies,GSC30,0.06188214,0.129287109,483.15465,POLYGON ICRS  56.158446644 -44.546275401 56.134864626 -44.552297771 56.143314800 -44.569103989 56.166902755 -44.563079880,1.15.1,RELEASE,jwst_1276.pmap,11.17.25,SHORT,,0,0,0,0,0,0,NULL,NULL,NULL,0,0,0,0,0,0,A,f,CLEAR,SMALL-GRID-DITHER,1,4,118673280,82d6ff36887c67b78765ae017bad60ba,9/11/2024 0:22,60564.01588,9/11/2024 0:23,60564.01601,68,8/4/2024 9:44,60526.40586,FALSE,FALSE,FALSE,2686130,mast:JWST/product/jw01685013001_04101_00004_nrca1_i2d.fits
122105080,jw01685013001_04101_00004_nrcb3_cal.fits,jw01685013001_04101_00004,2b,1,NRCB3_FULL,jw01685_20240910t234537_pool.csv,jw01685-o013_20240910t234537_image2_00003_asn.json,94.39261942,60158.93796,f,NaN,,60158.93485,60158.93175,GO,,29,f,9/11/2024 0:21,60564.01497,8/2/2023 22:29,60158.93687,8/2/2023 22:20,60158.93065,NRCB3,0,0,526.102,526.102,526.10173,OK,NRC_IMAGE,6,60158.93687,60158.93376,4,PRIME,60158.93065,1,F150W,4,NaN,S2I7000127,1,-44.53244287,14.13493538,1,56.19555614,8/2/2023 21:11,60158.88319,8/2/2023 21:07,60158.8804,0.019155813,0.016400617,0.017505582,96.41532395,60158.93798,f,60158.93488,60158.93177,NIRCAM,f,,,0,7/2/2015 12:00,57205.5,0,8,,4,10,1,1,0,1,4,60160.32013,V01685013001P0000000004101,13,N1448_1,STSCI,FINEGUIDE,"Riess, Adam",NRCALL_FULL,PRDOPSSOC-067,1685,-44.61583333,56.16375,60158.45268,SHALLOW4,488,Stellar Populations and the Interstellar Medium,2024_2a,,1,-2,FULL,,2048,2048,1,1,-44.61583333,56.16375,NGC 1448,f,NGC-1448,FIXED,0.1,0.1,JWST,NIRCam Imaging,10.73677,53.68385,UTC,Uncrowding the Cepheids for an Improved Determination of the Hubble Constant,10,f,1,1685013001,8/2/2023 22:30,60158.93787,4,SUCCESSFUL,PRIME_TARGETED_FIXED,8/2/2023 20:41,60158.86189,86.0314377,3.04664292,t,,NaN,NaN,NaN,,ImageModel,f,,,,,8/2/2023 22:20,60158.93065,N1448,-0.044454242,,2023215T000627719_001_osf.xml,0,NaN,,,,,NaN,4,,NONE,1,4,f,CALCULATED_TRACK_TR_202111,8.7,4,250.8025863,,NaN,NaN,,-44.60535656,56.14519208,f,,Galaxy,Field galaxies,GSC30,0.062967263,0.156920994,483.15465,POLYGON ICRS  56.155088344 -44.598750987 56.131786870 -44.604764561 56.140063130 -44.621197087 56.163339022 -44.615391940,1.15.1,RELEASE,jwst_1276.pmap,11.17.25,SHORT,,0,0,0,0,0,0,NULL,NULL,NULL,0,0,0,0,0,0,B,f,CLEAR,SMALL-GRID-DITHER,1,4,117544320,d5075e23c2326b2e73098bfd74fc0277,9/11/2024 0:22,60564.01593,9/11/2024 0:23,60564.01609,68,8/4/2024 9:44,60526.40593,FALSE,FALSE,FALSE,2686130,mast:JWST/product/jw01685013001_04101_00004_nrcb3_cal.fits
122105083,jw01685013001_04101_00004_nrcb3_i2d.fits,jw01685013001_04101_00004,2b,1,NRCB3_FULL,jw01685_20240910t234537_pool.csv,jw01685-o013_20240910t234537_image2_00003_asn.json,94.39261942,60158.93796,f,NaN,,60158.93485,60158.93175,GO,,29,f,9/11/2024 0:21,60564.01496,8/2/2023 22:29,60158.93687,8/2/2023 22:20,60158.93065,NRCB3,0,0,526.102,526.102,526.10173,OK,NRC_IMAGE,6,60158.93687,60158.93376,4,PRIME,60158.93065,1,F150W,4,NaN,S2I7000127,1,-44.53244287,14.13493538,1,56.19555614,8/2/2023 21:11,60158.88319,8/2/2023 21:07,60158.8804,0.019155813,0.016400617,0.017505582,96.41532395,60158.93798,f,60158.93488,60158.93177,NIRCAM,f,,,0,7/2/2015 12:00,57205.5,0,8,,4,10,1,1,0,1,4,60160.32013,V01685013001P0000000004101,13,N1448_1,STSCI,FINEGUIDE,"Riess, Adam",NRCALL_FULL,PRDOPSSOC-067,1685,-44.61583333,56.16375,60158.45268,SHALLOW4,488,Stellar Populations and the Interstellar Medium,2024_2a,,1,-2,FULL,,2048,2048,1,1,-44.61583333,56.16375,NGC 1448,f,NGC-1448,FIXED,0.1,0.1,JWST,NIRCam Imaging,10.73677,53.68385,UTC,Uncrowding the Cepheids for an Improved Determination of the Hubble Constant,10,f,1,1685013001,8/2/2023 22:30,60158.93787,4,SUCCESSFUL,PRIME_TARGETED_FIXED,8/2/2023 20:41,60158.86189,86.0314377,3.04664292,t,,NaN,NaN,NaN,,ImageModel,f,,,,,8/2/2023 22:20,60158.93065,N1448,-0.044454242,,2023215T000627719_001_osf.xml,0,NaN,,,,,NaN,4,,NONE,1,4,f,CALCULATED_TRACK_TR_202111,8.7,4,250.8025863,,1,1,,-44.60535656,56.14519208,f,,Galaxy,Field galaxies,GSC30,0.062967263,0.156920994,483.15465,POLYGON ICRS  56.155092011 -44.598745433 56.131742214 -44.604669632 56.140062123 -44.621295354 56.163417756 -44.615369458,1.15.1,RELEASE,jwst_1276.pmap,11.17.25,SHORT,,0,0,0,0,0,0,NULL,NULL,NULL,0,0,0,0,0,0,B,f,CLEAR,SMALL-GRID-DITHER,1,4,118673280,b988aaf2f0ea77ab3fb73cf211b1fa04,9/11/2024 0:22,60564.01593,9/11/2024 0:23,60564.0161,68,8/4/2024 9:44,60526.40593,FALSE,FALSE,FALSE,2686130,mast:JWST/product/jw01685013001_04101_00004_nrcb3_i2d.fits
122105240,jw01685013001_04101_00004_nrcalong_cal.fits,jw01685013001_04101_00004,2b,1,NRCA5_FULL,jw01685_20240910t234537_pool.csv,jw01685-o013_20240910t234537_image2_00006_asn.json,94.39262256,60158.93796,f,NaN,,60158.93486,60158.93175,GO,,29,f,9/11/2024 0:21,60564.01502,8/2/2023 22:29,60158.93687,8/2/2023 22:20,60158.93066,NRCALONG,0,0,526.102,526.102,526.10173,OK,NRC_IMAGE,6,60158.93687,60158.93376,4,PRIME,60158.93066,-1,F277W,4,NaN,S2I7000127,1,-44.53244287,14.13493538,1,56.19555614,8/2/2023 21:11,60158.88319,8/2/2023 21:07,60158.8804,0.019155813,0.016400617,0.017505582,96.41532646,60158.93799,f,60158.93488,60158.93177,NIRCAM,f,,,0,7/2/2015 12:00,57205.5,0,8,,4,10,1,1,0,1,4,60160.32013,V01685013001P0000000004101,13,N1448_1,STSCI,FINEGUIDE,"Riess, Adam",NRCALL_FULL,PRDOPSSOC-067,1685,-44.61583333,56.16375,60158.45268,SHALLOW4,485,Stellar Populations and the Interstellar Medium,2024_2a,,1,2,FULL,,2048,2048,1,1,-44.61583333,56.16375,NGC 1448,f,NGC-1448,FIXED,0.1,0.1,JWST,NIRCam Imaging,10.73677,53.68385,UTC,Uncrowding the Cepheids for an Improved Determination of the Hubble Constant,10,f,1,1685013001,8/2/2023 22:30,60158.93787,4,SUCCESSFUL,PRIME_TARGETED_FIXED,8/2/2023 20:41,60158.86189,86.0314377,3.04664292,t,,NaN,NaN,NaN,,ImageModel,f,,,,,8/2/2023 22:20,60158.93066,N1448,-0.044454242,,2023215T000627719_001_osf.xml,0,NaN,,,,,NaN,4,,NONE,1,4,f,CALCULATED_TRACK_TR_202111,8.7,4,250.8025863,,NaN,NaN,,-44.5652191,56.14039075,f,,Galaxy,Field galaxies,GSC30,0.106526656,0.332100092,483.15465,POLYGON ICRS  56.158170096 -44.546887091 56.110831286 -44.559096111 56.127083940 -44.592555047 56.175193060 -44.581057945,1.15.1,RELEASE,jwst_1276.pmap,11.17.25,LONG,,0,0,0,0,0,0,NULL,NULL,NULL,0,0,0,0,0,0,A,f,CLEAR,SMALL-GRID-DITHER,1,4,117544320,b1af169575903206e2af17036e724ab6,9/11/2024 0:23,60564.01604,9/11/2024 0:23,60564.01625,68,8/4/2024 9:44,60526.40604,FALSE,FALSE,FALSE,2686130,mast:JWST/product/jw01685013001_04101_00004_nrcalong_cal.fits
122105243,jw01685013001_04101_00004_nrcalong_i2d.fits,jw01685013001_04101_00004,2b,1,NRCA5_FULL,jw01685_20240910t234537_pool.csv,jw01685-o013_20240910t234537_image2_00006_asn.json,94.39262256,60158.93796,f,NaN,,60158.93486,60158.93175,GO,,29,f,9/11/2024 0:21,60564.01501,8/2/2023 22:29,60158.93687,8/2/2023 22:20,60158.93066,NRCALONG,0,0,526.102,526.102,526.10173,OK,NRC_IMAGE,6,60158.93687,60158.93376,4,PRIME,60158.93066,-1,F277W,4,NaN,S2I7000127,1,-44.53244287,14.13493538,1,56.19555614,8/2/2023 21:11,60158.88319,8/2/2023 21:07,60158.8804,0.019155813,0.016400617,0.017505582,96.41532646,60158.93799,f,60158.93488,60158.93177,NIRCAM,f,,,0,7/2/2015 12:00,57205.5,0,8,,4,10,1,1,0,1,4,60160.32013,V01685013001P0000000004101,13,N1448_1,STSCI,FINEGUIDE,"Riess, Adam",NRCALL_FULL,PRDOPSSOC-067,1685,-44.61583333,56.16375,60158.45268,SHALLOW4,485,Stellar Populations and the Interstellar Medium,2024_2a,,1,2,FULL,,2048,2048,1,1,-44.61583333,56.16375,NGC 1448,f,NGC-1448,FIXED,0.1,0.1,JWST,NIRCam Imaging,10.73677,53.68385,UTC,Uncrowding the Cepheids for an Improved Determination of the Hubble Constant,10,f,1,1685013001,8/2/2023 22:30,60158.93787,4,SUCCESSFUL,PRIME_TARGETED_FIXED,8/2/2023 20:41,60158.86189,86.0314377,3.04664292,t,,NaN,NaN,NaN,,ImageModel,f,,,,,8/2/2023 22:20,60158.93066,N1448,-0.044454242,,2023215T000627719_001_osf.xml,0,NaN,,,,,NaN,4,,NONE,1,4,f,CALCULATED_TRACK_TR_202111,8.7,4,250.8025863,,1,1,,-44.5652191,56.14039075,f,,Galaxy,Field galaxies,GSC30,0.106526656,0.332100092,483.15465,POLYGON ICRS  56.158429862 -44.546812944 56.110543617 -44.558708306 56.127290387 -44.592950053 56.175201400 -44.581047686,1.15.1,RELEASE,jwst_1276.pmap,11.17.25,LONG,,0,0,0,0,0,0,NULL,NULL,NULL,0,0,0,0,0,0,A,f,CLEAR,SMALL-GRID-DITHER,1,4,120225600,7387ba342a8e801e333752787c690215,9/11/2024 0:23,60564.01604,9/11/2024 0:23,60564.01625,68,8/4/2024 9:44,60526.40604,FALSE,FALSE,FALSE,2686130,mast:JWST/product/jw01685013001_04101_00004_nrcalong_i2d.fits
122105279,jw01685013001_04101_00004_nrcb4_cal.fits,jw01685013001_04101_00004,2b,1,NRCB4_FULL,jw01685_20240910t234537_pool.csv,jw01685-o013_20240910t234537_image2_00002_asn.json,94.39261942,60158.93796,f,NaN,,60158.93485,60158.93175,GO,,29,f,9/11/2024 0:21,60564.015,8/2/2023 22:29,60158.93687,8/2/2023 22:20,60158.93065,NRCB4,0,0,526.102,526.102,526.10173,OK,NRC_IMAGE,6,60158.93687,60158.93376,4,PRIME,60158.93065,-1,F150W,4,NaN,S2I7000127,1,-44.53244287,14.13493538,1,56.19555614,8/2/2023 21:11,60158.88319,8/2/2023 21:07,60158.8804,0.019155813,0.016400617,0.017505582,96.41532395,60158.93798,f,60158.93488,60158.93177,NIRCAM,f,,,0,7/2/2015 12:00,57205.5,0,8,,4,10,1,1,0,1,4,60160.32013,V01685013001P0000000004101,13,N1448_1,STSCI,FINEGUIDE,"Riess, Adam",NRCALL_FULL,PRDOPSSOC-067,1685,-44.61583333,56.16375,60158.45268,SHALLOW4,489,Stellar Populations and the Interstellar Medium,2024_2a,,1,2,FULL,,2048,2048,1,1,-44.61583333,56.16375,NGC 1448,f,NGC-1448,FIXED,0.1,0.1,JWST,NIRCam Imaging,10.73677,53.68385,UTC,Uncrowding the Cepheids for an Improved Determination of the Hubble Constant,10,f,1,1685013001,8/2/2023 22:30,60158.93787,4,SUCCESSFUL,PRIME_TARGETED_FIXED,8/2/2023 20:41,60158.86189,86.0314377,3.04664292,t,,NaN,NaN,NaN,,ImageModel,f,,,,,8/2/2023 22:20,60158.93065,N1448,-0.044454242,,2023215T000627719_001_osf.xml,0,NaN,,,,,NaN,4,,NONE,1,4,f,CALCULATED_TRACK_TR_202111,8.7,4,250.8025863,,NaN,NaN,,-44.59910167,56.17019355,f,,Galaxy,Field galaxies,GSC30,0.070464928,0.152973296,483.15465,POLYGON ICRS  56.180325452 -44.592311777 56.156648425 -44.598420312 56.164894204 -44.615077281 56.188568288 -44.609232737,1.15.1,RELEASE,jwst_1276.pmap,11.17.25,SHORT,,0,0,0,0,0,0,NULL,NULL,NULL,0,0,0,0,0,0,B,f,CLEAR,SMALL-GRID-DITHER,1,4,117544320,28adcd13551dc180a155ff2fdc5bb822,9/11/2024 0:23,60564.01607,9/11/2024 0:23,60564.01627,68,8/4/2024 9:44,60526.40622,FALSE,FALSE,FALSE,2686130,mast:JWST/product/jw01685013001_04101_00004_nrcb4_cal.fits
122105282,jw01685013001_04101_00004_nrcb4_i2d.fits,jw01685013001_04101_00004,2b,1,NRCB4_FULL,jw01685_20240910t234537_pool.csv,jw01685-o013_20240910t234537_image2_00002_asn.json,94.39261942,60158.93796,f,NaN,,60158.93485,60158.93175,GO,,29,f,9/11/2024 0:21,60564.01499,8/2/2023 22:29,60158.93687,8/2/2023 22:20,60158.93065,NRCB4,0,0,526.102,526.102,526.10173,OK,NRC_IMAGE,6,60158.93687,60158.93376,4,PRIME,60158.93065,-1,F150W,4,NaN,S2I7000127,1,-44.53244287,14.13493538,1,56.19555614,8/2/2023 21:11,60158.88319,8/2/2023 21:07,60158.8804,0.019155813,0.016400617,0.017505582,96.41532395,60158.93798,f,60158.93488,60158.93177,NIRCAM,f,,,0,7/2/2015 12:00,57205.5,0,8,,4,10,1,1,0,1,4,60160.32013,V01685013001P0000000004101,13,N1448_1,STSCI,FINEGUIDE,"Riess, Adam",NRCALL_FULL,PRDOPSSOC-067,1685,-44.61583333,56.16375,60158.45268,SHALLOW4,489,Stellar Populations and the Interstellar Medium,2024_2a,,1,2,FULL,,2048,2048,1,1,-44.61583333,56.16375,NGC 1448,f,NGC-1448,FIXED,0.1,0.1,JWST,NIRCam Imaging,10.73677,53.68385,UTC,Uncrowding the Cepheids for an Improved Determination of the Hubble Constant,10,f,1,1685013001,8/2/2023 22:30,60158.93787,4,SUCCESSFUL,PRIME_TARGETED_FIXED,8/2/2023 20:41,60158.86189,86.0314377,3.04664292,t,,NaN,NaN,NaN,,ImageModel,f,,,,,8/2/2023 22:20,60158.93065,N1448,-0.044454242,,2023215T000627719_001_osf.xml,0,NaN,,,,,NaN,4,,NONE,1,4,f,CALCULATED_TRACK_TR_202111,8.7,4,250.8025863,,1,1,,-44.59910167,56.17019355,f,,Galaxy,Field galaxies,GSC30,0.070464928,0.152973296,483.15465,POLYGON ICRS  56.180329246 -44.592306120 56.156554780 -44.598306834 56.164956683 -44.615187590 56.188737190 -44.609185133,1.15.1,RELEASE,jwst_1276.pmap,11.17.25,SHORT,,0,0,0,0,0,0,NULL,NULL,NULL,0,0,0,0,0,0,B,f,CLEAR,SMALL-GRID-DITHER,1,4,119016000,e57ef2ae9be3d29c340866a464c03462,9/11/2024 0:23,60564.01607,9/11/2024 0:23,60564.01627,68,8/4/2024 9:44,60526.40622,FALSE,FALSE,FALSE,2686130,mast:JWST/product/jw01685013001_04101_00004_nrcb4_i2d.fits
122105758,jw01685013001_04101_00004_nrca3_cal.fits,jw01685013001_04101_00004,2b,1,NRCA3_FULL,jw01685_20240910t234537_pool.csv,jw01685-o013_20240910t234537_image2_00008_asn.json,94.39262256,60158.93796,f,NaN,,60158.93486,60158.93175,GO,,29,f,9/11/2024 0:21,60564.01511,8/2/2023 22:29,60158.93687,8/2/2023 22:20,60158.93066,NRCA3,0,0,526.102,526.102,526.10173,OK,NRC_IMAGE,6,60158.93687,60158.93376,4,PRIME,60158.93066,-1,F150W,4,NaN,S2I7000127,1,-44.53244287,14.13493538,1,56.19555614,8/2/2023 21:11,60158.88319,8/2/2023 21:07,60158.8804,0.019155813,0.016400617,0.017505582,96.41532646,60158.93799,f,60158.93488,60158.93177,NIRCAM,f,,,0,7/2/2015 12:00,57205.5,0,8,,4,10,1,1,0,1,4,60160.32013,V01685013001P0000000004101,13,N1448_1,STSCI,FINEGUIDE,"Riess, Adam",NRCALL_FULL,PRDOPSSOC-067,1685,-44.61583333,56.16375,60158.45268,SHALLOW4,483,Stellar Populations and the Interstellar Medium,2024_2a,,1,2,FULL,,2048,2048,1,1,-44.61583333,56.16375,NGC 1448,f,NGC-1448,FIXED,0.1,0.1,JWST,NIRCam Imaging,10.73677,53.68385,UTC,Uncrowding the Cepheids for an Improved Determination of the Hubble Constant,10,f,1,1685013001,8/2/2023 22:30,60158.93787,4,SUCCESSFUL,PRIME_TARGETED_FIXED,8/2/2023 20:41,60158.86189,86.0314377,3.04664292,t,,NaN,NaN,NaN,,ImageModel,f,,,,,8/2/2023 22:20,60158.93066,N1448,-0.044454242,,2023215T000627719_001_osf.xml,0,NaN,,,,,NaN,4,,NONE,1,4,f,CALCULATED_TRACK_TR_202111,8.7,4,250.8025863,,NaN,NaN,,-44.57099537,56.15741826,f,,Galaxy,Field galaxies,GSC30,0.074930762,0.180607182,483.15465,POLYGON ICRS  56.167575529 -44.564324460 56.143914539 -44.570221721 56.151991071 -44.586943201 56.175901485 -44.581247793,1.15.1,RELEASE,jwst_1276.pmap,11.17.25,SHORT,,0,0,0,0,0,0,NULL,NULL,NULL,0,0,0,0,0,0,A,f,CLEAR,SMALL-GRID-DITHER,1,4,117544320,e65ccb94ee8e123da440033b28492eca,9/11/2024 0:23,60564.01661,9/11/2024 0:24,60564.01672,68,8/4/2024 9:44,60526.40582,FALSE,FALSE,FALSE,2686130,mast:JWST/product/jw01685013001_04101_00004_nrca3_cal.fits
122105761,jw01685013001_04101_00004_nrca3_i2d.fits,jw01685013001_04101_00004,2b,1,NRCA3_FULL,jw01685_20240910t234537_pool.csv,jw01685-o013_20240910t234537_image2_00008_asn.json,94.39262256,60158.93796,f,NaN,,60158.93486,60158.93175,GO,,29,f,9/11/2024 0:21,60564.01509,8/2/2023 22:29,60158.93687,8/2/2023 22:20,60158.93066,NRCA3,0,0,526.102,526.102,526.10173,OK,NRC_IMAGE,6,60158.93687,60158.93376,4,PRIME,60158.93066,-1,F150W,4,NaN,S2I7000127,1,-44.53244287,14.13493538,1,56.19555614,8/2/2023 21:11,60158.88319,8/2/2023 21:07,60158.8804,0.019155813,0.016400617,0.017505582,96.41532646,60158.93799,f,60158.93488,60158.93177,NIRCAM,f,,,0,7/2/2015 12:00,57205.5,0,8,,4,10,1,1,0,1,4,60160.32013,V01685013001P0000000004101,13,N1448_1,STSCI,FINEGUIDE,"Riess, Adam",NRCALL_FULL,PRDOPSSOC-067,1685,-44.61583333,56.16375,60158.45268,SHALLOW4,483,Stellar Populations and the Interstellar Medium,2024_2a,,1,2,FULL,,2048,2048,1,1,-44.61583333,56.16375,NGC 1448,f,NGC-1448,FIXED,0.1,0.1,JWST,NIRCam Imaging,10.73677,53.68385,UTC,Uncrowding the Cepheids for an Improved Determination of the Hubble Constant,10,f,1,1685013001,8/2/2023 22:30,60158.93787,4,SUCCESSFUL,PRIME_TARGETED_FIXED,8/2/2023 20:41,60158.86189,86.0314377,3.04664292,t,,NaN,NaN,NaN,,ImageModel,f,,,,,8/2/2023 22:20,60158.93066,N1448,-0.044454242,,2023215T000627719_001_osf.xml,0,NaN,,,,,NaN,4,,NONE,1,4,f,CALCULATED_TRACK_TR_202111,8.7,4,250.8025863,,1,1,,-44.57099537,56.15741826,f,,Galaxy,Field galaxies,GSC30,0.074930762,0.180607182,483.15465,POLYGON ICRS  56.167751835 -44.564276814 56.143857470 -44.570101043 56.152004240 -44.587066913 56.175904760 -44.581240984,1.15.1,RELEASE,jwst_1276.pmap,11.17.25,SHORT,,0,0,0,0,0,0,NULL,NULL,NULL,0,0,0,0,0,0,A,f,CLEAR,SMALL-GRID-DITHER,1,4,119076480,174d5b5ed09e74f2e979b6d0ade73d9d,9/11/2024 0:23,60564.01661,9/11/2024 0:24,60564.01673,68,8/4/2024 9:44,60526.40582,FALSE,FALSE,FALSE,2686130,mast:JWST/product/jw01685013001_04101_00004_nrca3_i2d.fits
122105772,jw01685013001_04101_00003_nrca2_cal.fits,jw01685013001_04101_00003,2b,1,NRCA2_FULL,jw01685_20240910t234537_pool.csv,jw01685-o013_20240910t234537_image2_00019_asn.json,94.36587004,60158.93125,f,NaN,,60158.92814,60158.92504,GO,,29,f,9/11/2024 0:22,60564.01585,8/2/2023 22:19,60158.93016,8/2/2023 22:10,60158.92395,NRCA2,0,0,526.102,526.102,526.10173,OK,NRC_IMAGE,6,60158.93016,60158.92705,3,PRIME,60158.92395,1,F150W,4,NaN,S2I7000127,1,-44.53244287,14.13493538,1,56.19555614,8/2/2023 21:11,60158.88319,8/2/2023 21:07,60158.8804,0.019155813,0.016400617,0.017505582,96.38857143,60158.93127,f,60158.92817,60158.92506,NIRCAM,f,,,0,7/2/2015 12:00,57205.5,0,8,,4,10,1,1,0,1,4,60160.32013,V01685013001P0000000004101,13,N1448_1,STSCI,FINEGUIDE,"Riess, Adam",NRCALL_FULL,PRDOPSSOC-067,1685,-44.61583333,56.16375,60158.45268,SHALLOW4,482,Stellar Populations and the Interstellar Medium,2024_2a,,1,-2,FULL,,2048,2048,1,1,-44.61583333,56.16375,NGC 1448,f,NGC-1448,FIXED,0.1,0.1,JWST,NIRCam Imaging,10.73677,53.68385,UTC,Uncrowding the Cepheids for an Improved Determination of the Hubble Constant,10,f,1,1685013001,8/2/2023 22:30,60158.93787,4,SUCCESSFUL,PRIME_TARGETED_FIXED,8/2/2023 20:41,60158.86189,85.98473759,3.031142875,t,,NaN,NaN,NaN,,ImageModel,f,,,,,8/2/2023 22:10,60158.92395,N1448,-0.234865768,,2023215T000021176_002_osf.xml,0,NaN,,,,,NaN,3,,NONE,1,4,f,CALCULATED_TRACK_TR_202111,8.7,4,250.8025863,,NaN,NaN,,-44.55943362,56.12364768,f,,Galaxy,Field galaxies,GSC30,0.05944493,0.112509392,483.15465,POLYGON ICRS  56.133522660 -44.552908440 56.110355061 -44.558806888 56.118449861 -44.575223122 56.141765093 -44.569487987,1.15.1,RELEASE,jwst_1276.pmap,11.17.25,SHORT,,0,0,0,0,0,0,NULL,NULL,NULL,0,0,0,0,0,0,A,f,CLEAR,SMALL-GRID-DITHER,1,4,117541440,1cd306e5bd39429a096b64ddc392fb02,9/11/2024 0:23,60564.01663,9/11/2024 0:24,60564.01674,68,8/4/2024 9:43,60526.40497,FALSE,FALSE,FALSE,2686064,mast:JWST/product/jw01685013001_04101_00003_nrca2_cal.fits
122105775,jw01685013001_04101_00003_nrca2_i2d.fits,jw01685013001_04101_00003,2b,1,NRCA2_FULL,jw01685_20240910t234537_pool.csv,jw01685-o013_20240910t234537_image2_00019_asn.json,94.36587004,60158.93125,f,NaN,,60158.92814,60158.92504,GO,,29,f,9/11/2024 0:22,60564.01583,8/2/2023 22:19,60158.93016,8/2/2023 22:10,60158.92395,NRCA2,0,0,526.102,526.102,526.10173,OK,NRC_IMAGE,6,60158.93016,60158.92705,3,PRIME,60158.92395,1,F150W,4,NaN,S2I7000127,1,-44.53244287,14.13493538,1,56.19555614,8/2/2023 21:11,60158.88319,8/2/2023 21:07,60158.8804,0.019155813,0.016400617,0.017505582,96.38857143,60158.93127,f,60158.92817,60158.92506,NIRCAM,f,,,0,7/2/2015 12:00,57205.5,0,8,,4,10,1,1,0,1,4,60160.32013,V01685013001P0000000004101,13,N1448_1,STSCI,FINEGUIDE,"Riess, Adam",NRCALL_FULL,PRDOPSSOC-067,1685,-44.61583333,56.16375,60158.45268,SHALLOW4,482,Stellar Populations and the Interstellar Medium,2024_2a,,1,-2,FULL,,2048,2048,1,1,-44.61583333,56.16375,NGC 1448,f,NGC-1448,FIXED,0.1,0.1,JWST,NIRCam Imaging,10.73677,53.68385,UTC,Uncrowding the Cepheids for an Improved Determination of the Hubble Constant,10,f,1,1685013001,8/2/2023 22:30,60158.93787,4,SUCCESSFUL,PRIME_TARGETED_FIXED,8/2/2023 20:41,60158.86189,85.98473759,3.031142875,t,,NaN,NaN,NaN,,ImageModel,f,,,,,8/2/2023 22:10,60158.92395,N1448,-0.234865768,,2023215T000021176_002_osf.xml,0,NaN,,,,,NaN,3,,NONE,1,4,f,CALCULATED_TRACK_TR_202111,8.7,4,250.8025863,,1,1,,-44.55943362,56.12364768,f,,Galaxy,Field galaxies,GSC30,0.05944493,0.112509392,483.15465,POLYGON ICRS  56.133583500 -44.552888611 56.110319699 -44.558711154 56.118498291 -44.575304854 56.141767909 -44.569480651,1.15.1,RELEASE,jwst_1276.pmap,11.17.25,SHORT,,0,0,0,0,0,0,NULL,NULL,NULL,0,0,0,0,0,0,A,f,CLEAR,SMALL-GRID-DITHER,1,4,118451520,276ee40b2e23058defd6d24356584d32,9/11/2024 0:23,60564.01663,9/11/2024 0:24,60564.01674,68,8/4/2024 9:43,60526.40497,FALSE,FALSE,FALSE,2686064,mast:JWST/product/jw01685013001_04101_00003_nrca2_i2d.fits
122105796,jw01685013001_04101_00003_nrca4_cal.fits,jw01685013001_04101_00003,2b,1,NRCA4_FULL,jw01685_20240910t234537_pool.csv,jw01685-o013_20240910t234537_image2_00017_asn.json,94.36587004,60158.93125,f,NaN,,60158.92814,60158.92504,GO,,29,f,9/11/2024 0:22,60564.01583,8/2/2023 22:19,60158.93016,8/2/2023 22:10,60158.92395,NRCA4,0,0,526.102,526.102,526.10173,OK,NRC_IMAGE,6,60158.93016,60158.92705,3,PRIME,60158.92395,1,F150W,4,NaN,S2I7000127,1,-44.53244287,14.13493538,1,56.19555614,8/2/2023 21:11,60158.88319,8/2/2023 21:07,60158.8804,0.019155813,0.016400617,0.017505582,96.38857143,60158.93127,f,60158.92817,60158.92506,NIRCAM,f,,,0,7/2/2015 12:00,57205.5,0,8,,4,10,1,1,0,1,4,60160.32013,V01685013001P0000000004101,13,N1448_1,STSCI,FINEGUIDE,"Riess, Adam",NRCALL_FULL,PRDOPSSOC-067,1685,-44.61583333,56.16375,60158.45268,SHALLOW4,484,Stellar Populations and the Interstellar Medium,2024_2a,,1,-2,FULL,,2048,2048,1,1,-44.61583333,56.16375,NGC 1448,f,NGC-1448,FIXED,0.1,0.1,JWST,NIRCam Imaging,10.73677,53.68385,UTC,Uncrowding the Cepheids for an Improved Determination of the Hubble Constant,10,f,1,1685013001,8/2/2023 22:30,60158.93787,4,SUCCESSFUL,PRIME_TARGETED_FIXED,8/2/2023 20:41,60158.86189,85.98473759,3.031142875,t,,NaN,NaN,NaN,,ImageModel,f,,,,,8/2/2023 22:10,60158.92395,N1448,-0.234865768,,2023215T000021176_002_osf.xml,0,NaN,,,,,NaN,3,,NONE,1,4,f,CALCULATED_TRACK_TR_202111,8.7,4,250.8025863,,NaN,NaN,,-44.57710327,56.13230902,f,,Galaxy,Field galaxies,GSC30,0.06702747,0.149025599,483.15465,POLYGON ICRS  56.142301431 -44.570583819 56.119023497 -44.576411746 56.126985241 -44.592944972 56.150481830 -44.587263790,1.15.1,RELEASE,jwst_1276.pmap,11.17.25,SHORT,,0,0,0,0,0,0,NULL,NULL,NULL,0,0,0,0,0,0,A,f,CLEAR,SMALL-GRID-DITHER,1,4,117544320,c1ed6baa3e6446a04d4583361ed50900,9/11/2024 0:23,60564.01665,9/11/2024 0:24,60564.01675,68,8/4/2024 9:43,60526.4052,FALSE,FALSE,FALSE,2686064,mast:JWST/product/jw01685013001_04101_00003_nrca4_cal.fits
122105799,jw01685013001_04101_00003_nrca4_i2d.fits,jw01685013001_04101_00003,2b,1,NRCA4_FULL,jw01685_20240910t234537_pool.csv,jw01685-o013_20240910t234537_image2_00017_asn.json,94.36587004,60158.93125,f,NaN,,60158.92814,60158.92504,GO,,29,f,9/11/2024 0:22,60564.01582,8/2/2023 22:19,60158.93016,8/2/2023 22:10,60158.92395,NRCA4,0,0,526.102,526.102,526.10173,OK,NRC_IMAGE,6,60158.93016,60158.92705,3,PRIME,60158.92395,1,F150W,4,NaN,S2I7000127,1,-44.53244287,14.13493538,1,56.19555614,8/2/2023 21:11,60158.88319,8/2/2023 21:07,60158.8804,0.019155813,0.016400617,0.017505582,96.38857143,60158.93127,f,60158.92817,60158.92506,NIRCAM,f,,,0,7/2/2015 12:00,57205.5,0,8,,4,10,1,1,0,1,4,60160.32013,V01685013001P0000000004101,13,N1448_1,STSCI,FINEGUIDE,"Riess, Adam",NRCALL_FULL,PRDOPSSOC-067,1685,-44.61583333,56.16375,60158.45268,SHALLOW4,484,Stellar Populations and the Interstellar Medium,2024_2a,,1,-2,FULL,,2048,2048,1,1,-44.61583333,56.16375,NGC 1448,f,NGC-1448,FIXED,0.1,0.1,JWST,NIRCam Imaging,10.73677,53.68385,UTC,Uncrowding the Cepheids for an Improved Determination of the Hubble Constant,10,f,1,1685013001,8/2/2023 22:30,60158.93787,4,SUCCESSFUL,PRIME_TARGETED_FIXED,8/2/2023 20:41,60158.86189,85.98473759,3.031142875,t,,NaN,NaN,NaN,,ImageModel,f,,,,,8/2/2023 22:10,60158.92395,N1448,-0.234865768,,2023215T000021176_002_osf.xml,0,NaN,,,,,NaN,3,,NONE,1,4,f,CALCULATED_TRACK_TR_202111,8.7,4,250.8025863,,1,1,,-44.57710327,56.13230902,f,,Galaxy,Field galaxies,GSC30,0.06702747,0.149025599,483.15465,POLYGON ICRS  56.142383994 -44.570558919 56.118935909 -44.576327317 56.127032955 -44.593031136 56.150486973 -44.587261080,1.15.1,RELEASE,jwst_1276.pmap,11.17.25,SHORT,,0,0,0,0,0,0,NULL,NULL,NULL,0,0,0,0,0,0,A,f,CLEAR,SMALL-GRID-DITHER,1,4,118673280,ff17b783ebe000472a7d338c0d1f1a55,9/11/2024 0:23,60564.01665,9/11/2024 0:24,60564.01675,68,8/4/2024 9:43,60526.4052,FALSE,FALSE,FALSE,2686064,mast:JWST/product/jw01685013001_04101_00003_nrca4_i2d.fits
122105830,jw01685013001_04101_00003_nrcb4_cal.fits,jw01685013001_04101_00003,2b,1,NRCB4_FULL,jw01685_20240910t234537_pool.csv,jw01685-o013_20240910t234537_image2_00012_asn.json,94.36636353,60158.93137,f,NaN,,60158.92827,60158.92516,GO,,29,f,9/11/2024 0:22,60564.01583,8/2/2023 22:19,60158.93028,8/2/2023 22:10,60158.92407,NRCB4,0,0,526.102,526.102,526.10173,OK,NRC_IMAGE,6,60158.93028,60158.92718,3,PRIME,60158.92407,-1,F150W,4,NaN,S2I7000127,1,-44.53244287,14.13493538,1,56.19555614,8/2/2023 21:11,60158.88319,8/2/2023 21:07,60158.8804,0.019155813,0.016400617,0.017505582,96.38906491,60158.9314,f,60158.92829,60158.92518,NIRCAM,f,,,0,7/2/2015 12:00,57205.5,0,8,,4,10,1,1,0,1,4,60160.32013,V01685013001P0000000004101,13,N1448_1,STSCI,FINEGUIDE,"Riess, Adam",NRCALL_FULL,PRDOPSSOC-067,1685,-44.61583333,56.16375,60158.45268,SHALLOW4,489,Stellar Populations and the Interstellar Medium,2024_2a,,1,2,FULL,,2048,2048,1,1,-44.61583333,56.16375,NGC 1448,f,NGC-1448,FIXED,0.1,0.1,JWST,NIRCam Imaging,10.73677,53.68385,UTC,Uncrowding the Cepheids for an Improved Determination of the Hubble Constant,10,f,1,1685013001,8/2/2023 22:30,60158.93787,4,SUCCESSFUL,PRIME_TARGETED_FIXED,8/2/2023 20:41,60158.86189,85.98473759,3.031142875,t,,NaN,NaN,NaN,,ImageModel,f,,,,,8/2/2023 22:10,60158.92407,N1448,-0.237675312,,2023215T000021176_002_osf.xml,0,NaN,,,,,NaN,3,,NONE,1,4,f,CALCULATED_TRACK_TR_202111,8.7,4,250.8025863,,NaN,NaN,,-44.59911558,56.17019303,f,,Galaxy,Field galaxies,GSC30,0.064650956,0.138662891,483.15465,POLYGON ICRS  56.180325744 -44.592325445 56.156648711 -44.598433980 56.164894494 -44.615090949 56.188568582 -44.609246404,1.15.1,RELEASE,jwst_1276.pmap,11.17.25,SHORT,,0,0,0,0,0,0,NULL,NULL,NULL,0,0,0,0,0,0,B,f,CLEAR,SMALL-GRID-DITHER,1,4,117544320,bcb1bc92aab8774b2397efc99a318cb7,9/11/2024 0:23,60564.01667,9/11/2024 0:24,60564.01677,68,8/4/2024 9:43,60526.4055,FALSE,FALSE,FALSE,2686064,mast:JWST/product/jw01685013001_04101_00003_nrcb4_cal.fits
122105833,jw01685013001_04101_00003_nrcb4_i2d.fits,jw01685013001_04101_00003,2b,1,NRCB4_FULL,jw01685_20240910t234537_pool.csv,jw01685-o013_20240910t234537_image2_00012_asn.json,94.36636353,60158.93137,f,NaN,,60158.92827,60158.92516,GO,,29,f,9/11/2024 0:22,60564.01582,8/2/2023 22:19,60158.93028,8/2/2023 22:10,60158.92407,NRCB4,0,0,526.102,526.102,526.10173,OK,NRC_IMAGE,6,60158.93028,60158.92718,3,PRIME,60158.92407,-1,F150W,4,NaN,S2I7000127,1,-44.53244287,14.13493538,1,56.19555614,8/2/2023 21:11,60158.88319,8/2/2023 21:07,60158.8804,0.019155813,0.016400617,0.017505582,96.38906491,60158.9314,f,60158.92829,60158.92518,NIRCAM,f,,,0,7/2/2015 12:00,57205.5,0,8,,4,10,1,1,0,1,4,60160.32013,V01685013001P0000000004101,13,N1448_1,STSCI,FINEGUIDE,"Riess, Adam",NRCALL_FULL,PRDOPSSOC-067,1685,-44.61583333,56.16375,60158.45268,SHALLOW4,489,Stellar Populations and the Interstellar Medium,2024_2a,,1,2,FULL,,2048,2048,1,1,-44.61583333,56.16375,NGC 1448,f,NGC-1448,FIXED,0.1,0.1,JWST,NIRCam Imaging,10.73677,53.68385,UTC,Uncrowding the Cepheids for an Improved Determination of the Hubble Constant,10,f,1,1685013001,8/2/2023 22:30,60158.93787,4,SUCCESSFUL,PRIME_TARGETED_FIXED,8/2/2023 20:41,60158.86189,85.98473759,3.031142875,t,,NaN,NaN,NaN,,ImageModel,f,,,,,8/2/2023 22:10,60158.92407,N1448,-0.237675312,,2023215T000021176_002_osf.xml,0,NaN,,,,,NaN,3,,NONE,1,4,f,CALCULATED_TRACK_TR_202111,8.7,4,250.8025863,,1,1,,-44.59911558,56.17019303,f,,Galaxy,Field galaxies,GSC30,0.064650956,0.138662891,483.15465,POLYGON ICRS  56.180329537 -44.592319788 56.156555066 -44.598320503 56.164956973 -44.615201259 56.188737485 -44.609198801,1.15.1,RELEASE,jwst_1276.pmap,11.17.25,SHORT,,0,0,0,0,0,0,NULL,NULL,NULL,0,0,0,0,0,0,B,f,CLEAR,SMALL-GRID-DITHER,1,4,119016000,7c3081e45641f10b8fc42fc80053509e,9/11/2024 0:23,60564.01667,9/11/2024 0:24,60564.01677,68,8/4/2024 9:43,60526.4055,FALSE,FALSE,FALSE,2686064,mast:JWST/product/jw01685013001_04101_00003_nrcb4_i2d.fits
122105870,jw01685013001_04101_00002_nrcalong_cal.fits,jw01685013001_04101_00002,2b,1,NRCA5_FULL,jw01685_20240910t234537_pool.csv,jw01685-o013_20240910t234537_image2_00026_asn.json,94.33961415,60158.92467,f,NaN,,60158.92156,60158.91845,GO,,29,f,9/11/2024 0:22,60564.01588,8/2/2023 22:09,60158.92357,8/2/2023 22:00,60158.91736,NRCALONG,0,0,526.102,526.102,526.10173,OK,NRC_IMAGE,6,60158.92357,60158.92047,2,PRIME,60158.91736,-1,F277W,4,NaN,S2I7000127,1,-44.53244287,14.13493538,1,56.19555614,8/2/2023 21:11,60158.88319,8/2/2023 21:07,60158.8804,0.019155813,0.016400617,0.017505582,96.36231239,60158.92469,f,60158.92158,60158.91847,NIRCAM,f,,,0,7/2/2015 12:00,57205.5,0,8,,4,10,1,1,0,1,4,60160.32013,V01685013001P0000000004101,13,N1448_1,STSCI,FINEGUIDE,"Riess, Adam",NRCALL_FULL,PRDOPSSOC-067,1685,-44.61583333,56.16375,60158.45268,SHALLOW4,485,Stellar Populations and the Interstellar Medium,2024_2a,,1,2,FULL,,2048,2048,1,1,-44.61583333,56.16375,NGC 1448,f,NGC-1448,FIXED,0.1,0.1,JWST,NIRCam Imaging,10.73677,53.68385,UTC,Uncrowding the Cepheids for an Improved Determination of the Hubble Constant,10,f,1,1685013001,8/2/2023 22:30,60158.93787,4,SUCCESSFUL,PRIME_TARGETED_FIXED,8/2/2023 20:41,60158.86189,85.95363756,2.984442848,t,,NaN,NaN,NaN,,ImageModel,f,,,,,8/2/2023 22:00,60158.91736,N1448,0.018124606,,2023215T000021176_002_osf.xml,0,NaN,,,,,NaN,2,,NONE,1,4,f,CALCULATED_TRACK_TR_202111,8.7,4,250.8025863,,NaN,NaN,,-44.56524568,56.1403762,f,,Galaxy,Field galaxies,GSC30,0.107802749,0.330619705,483.15465,POLYGON ICRS  56.158157190 -44.546913181 56.110818357 -44.559122197 56.127071012 -44.592581134 56.175180156 -44.581084036,1.15.1,RELEASE,jwst_1276.pmap,11.17.25,LONG,,0,0,0,0,0,0,NULL,NULL,NULL,0,0,0,0,0,0,A,f,CLEAR,SMALL-GRID-DITHER,1,4,117544320,2e9c2b1c4b7c5e15c8cb292dd17228a9,9/11/2024 0:24,60564.0167,9/11/2024 0:24,60564.01681,68,8/4/2024 9:42,60526.40464,FALSE,FALSE,FALSE,2685999,mast:JWST/product/jw01685013001_04101_00002_nrcalong_cal.fits
122105873,jw01685013001_04101_00002_nrcalong_i2d.fits,jw01685013001_04101_00002,2b,1,NRCA5_FULL,jw01685_20240910t234537_pool.csv,jw01685-o013_20240910t234537_image2_00026_asn.json,94.33961415,60158.92467,f,NaN,,60158.92156,60158.91845,GO,,29,f,9/11/2024 0:22,60564.01586,8/2/2023 22:09,60158.92357,8/2/2023 22:00,60158.91736,NRCALONG,0,0,526.102,526.102,526.10173,OK,NRC_IMAGE,6,60158.92357,60158.92047,2,PRIME,60158.91736,-1,F277W,4,NaN,S2I7000127,1,-44.53244287,14.13493538,1,56.19555614,8/2/2023 21:11,60158.88319,8/2/2023 21:07,60158.8804,0.019155813,0.016400617,0.017505582,96.36231239,60158.92469,f,60158.92158,60158.91847,NIRCAM,f,,,0,7/2/2015 12:00,57205.5,0,8,,4,10,1,1,0,1,4,60160.32013,V01685013001P0000000004101,13,N1448_1,STSCI,FINEGUIDE,"Riess, Adam",NRCALL_FULL,PRDOPSSOC-067,1685,-44.61583333,56.16375,60158.45268,SHALLOW4,485,Stellar Populations and the Interstellar Medium,2024_2a,,1,2,FULL,,2048,2048,1,1,-44.61583333,56.16375,NGC 1448,f,NGC-1448,FIXED,0.1,0.1,JWST,NIRCam Imaging,10.73677,53.68385,UTC,Uncrowding the Cepheids for an Improved Determination of the Hubble Constant,10,f,1,1685013001,8/2/2023 22:30,60158.93787,4,SUCCESSFUL,PRIME_TARGETED_FIXED,8/2/2023 20:41,60158.86189,85.95363756,2.984442848,t,,NaN,NaN,NaN,,ImageModel,f,,,,,8/2/2023 22:00,60158.91736,N1448,0.018124606,,2023215T000021176_002_osf.xml,0,NaN,,,,,NaN,2,,NONE,1,4,f,CALCULATED_TRACK_TR_202111,8.7,4,250.8025863,,1,1,,-44.56524568,56.1403762,f,,Galaxy,Field galaxies,GSC30,0.107802749,0.330619705,483.15465,POLYGON ICRS  56.158416956 -44.546839034 56.110530687 -44.558734392 56.127277459 -44.592976140 56.175188496 -44.581073778,1.15.1,RELEASE,jwst_1276.pmap,11.17.25,LONG,,0,0,0,0,0,0,NULL,NULL,NULL,0,0,0,0,0,0,A,f,CLEAR,SMALL-GRID-DITHER,1,4,120225600,c7b27244759b9da1e90bead9acd86b51,9/11/2024 0:24,60564.0167,9/11/2024 0:24,60564.01681,68,8/4/2024 9:42,60526.40464,FALSE,FALSE,FALSE,2685999,mast:JWST/product/jw01685013001_04101_00002_nrcalong_i2d.fits
122105913,jw01685013001_04101_00003_nrca3_cal.fits,jw01685013001_04101_00003,2b,1,NRCA3_FULL,jw01685_20240910t234537_pool.csv,jw01685-o013_20240910t234537_image2_00018_asn.json,94.36587004,60158.93125,f,NaN,,60158.92814,60158.92504,GO,,29,f,9/11/2024 0:22,60564.01585,8/2/2023 22:19,60158.93016,8/2/2023 22:10,60158.92395,NRCA3,0,0,526.102,526.102,526.10173,OK,NRC_IMAGE,6,60158.93016,60158.92705,3,PRIME,60158.92395,-1,F150W,4,NaN,S2I7000127,1,-44.53244287,14.13493538,1,56.19555614,8/2/2023 21:11,60158.88319,8/2/2023 21:07,60158.8804,0.019155813,0.016400617,0.017505582,96.38857143,60158.93127,f,60158.92817,60158.92506,NIRCAM,f,,,0,7/2/2015 12:00,57205.5,0,8,,4,10,1,1,0,1,4,60160.32013,V01685013001P0000000004101,13,N1448_1,STSCI,FINEGUIDE,"Riess, Adam",NRCALL_FULL,PRDOPSSOC-067,1685,-44.61583333,56.16375,60158.45268,SHALLOW4,483,Stellar Populations and the Interstellar Medium,2024_2a,,1,2,FULL,,2048,2048,1,1,-44.61583333,56.16375,NGC 1448,f,NGC-1448,FIXED,0.1,0.1,JWST,NIRCam Imaging,10.73677,53.68385,UTC,Uncrowding the Cepheids for an Improved Determination of the Hubble Constant,10,f,1,1685013001,8/2/2023 22:30,60158.93787,4,SUCCESSFUL,PRIME_TARGETED_FIXED,8/2/2023 20:41,60158.86189,85.98473759,3.031142875,t,,NaN,NaN,NaN,,ImageModel,f,,,,,8/2/2023 22:10,60158.92395,N1448,-0.234865768,,2023215T000021176_002_osf.xml,0,NaN,,,,,NaN,3,,NONE,1,4,f,CALCULATED_TRACK_TR_202111,8.7,4,250.8025863,,NaN,NaN,,-44.57100929,56.15741772,f,,Galaxy,Field galaxies,GSC30,0.071277167,0.16481639,483.15465,POLYGON ICRS  56.167575819 -44.564338131 56.143914824 -44.570235393 56.151991359 -44.586956872 56.175901778 -44.581261463,1.15.1,RELEASE,jwst_1276.pmap,11.17.25,SHORT,,0,0,0,0,0,0,NULL,NULL,NULL,0,0,0,0,0,0,A,f,CLEAR,SMALL-GRID-DITHER,1,4,117544320,ce93c8b358a7b2e2ebeaffdc746799d8,9/11/2024 0:24,60564.01675,9/11/2024 0:24,60564.01684,68,8/4/2024 9:43,60526.40493,FALSE,FALSE,FALSE,2686064,mast:JWST/product/jw01685013001_04101_00003_nrca3_cal.fits
122105916,jw01685013001_04101_00003_nrca3_i2d.fits,jw01685013001_04101_00003,2b,1,NRCA3_FULL,jw01685_20240910t234537_pool.csv,jw01685-o013_20240910t234537_image2_00018_asn.json,94.36587004,60158.93125,f,NaN,,60158.92814,60158.92504,GO,,29,f,9/11/2024 0:22,60564.01584,8/2/2023 22:19,60158.93016,8/2/2023 22:10,60158.92395,NRCA3,0,0,526.102,526.102,526.10173,OK,NRC_IMAGE,6,60158.93016,60158.92705,3,PRIME,60158.92395,-1,F150W,4,NaN,S2I7000127,1,-44.53244287,14.13493538,1,56.19555614,8/2/2023 21:11,60158.88319,8/2/2023 21:07,60158.8804,0.019155813,0.016400617,0.017505582,96.38857143,60158.93127,f,60158.92817,60158.92506,NIRCAM,f,,,0,7/2/2015 12:00,57205.5,0,8,,4,10,1,1,0,1,4,60160.32013,V01685013001P0000000004101,13,N1448_1,STSCI,FINEGUIDE,"Riess, Adam",NRCALL_FULL,PRDOPSSOC-067,1685,-44.61583333,56.16375,60158.45268,SHALLOW4,483,Stellar Populations and the Interstellar Medium,2024_2a,,1,2,FULL,,2048,2048,1,1,-44.61583333,56.16375,NGC 1448,f,NGC-1448,FIXED,0.1,0.1,JWST,NIRCam Imaging,10.73677,53.68385,UTC,Uncrowding the Cepheids for an Improved Determination of the Hubble Constant,10,f,1,1685013001,8/2/2023 22:30,60158.93787,4,SUCCESSFUL,PRIME_TARGETED_FIXED,8/2/2023 20:41,60158.86189,85.98473759,3.031142875,t,,NaN,NaN,NaN,,ImageModel,f,,,,,8/2/2023 22:10,60158.92395,N1448,-0.234865768,,2023215T000021176_002_osf.xml,0,NaN,,,,,NaN,3,,NONE,1,4,f,CALCULATED_TRACK_TR_202111,8.7,4,250.8025863,,1,1,,-44.57100929,56.15741772,f,,Galaxy,Field galaxies,GSC30,0.071277167,0.16481639,483.15465,POLYGON ICRS  56.167752124 -44.564290484 56.143857755 -44.570114715 56.152004529 -44.587080584 56.175905054 -44.581254654,1.15.1,RELEASE,jwst_1276.pmap,11.17.25,SHORT,,0,0,0,0,0,0,NULL,NULL,NULL,0,0,0,0,0,0,A,f,CLEAR,SMALL-GRID-DITHER,1,4,119076480,d9a9f75a1b024d693fe5716e09068416,9/11/2024 0:24,60564.01675,9/11/2024 0:24,60564.01684,68,8/4/2024 9:43,60526.40493,FALSE,FALSE,FALSE,2686064,mast:JWST/product/jw01685013001_04101_00003_nrca3_i2d.fits
122105917,jw01685013001_04101_00004_nrcblong_cal.fits,jw01685013001_04101_00004,2b,1,NRCB5_FULL,jw01685_20240910t234537_pool.csv,jw01685-o013_20240910t234537_image2_00001_asn.json,94.39261942,60158.93796,f,NaN,,60158.93485,60158.93175,GO,,29,f,9/11/2024 0:21,60564.0151,8/2/2023 22:29,60158.93687,8/2/2023 22:20,60158.93065,NRCBLONG,0,0,526.102,526.102,526.10173,OK,NRC_IMAGE,6,60158.93687,60158.93376,4,PRIME,60158.93065,1,F277W,4,NaN,S2I7000127,1,-44.53244287,14.13493538,1,56.19555614,8/2/2023 21:11,60158.88319,8/2/2023 21:07,60158.8804,0.019155813,0.016400617,0.017505582,96.41532395,60158.93798,f,60158.93488,60158.93177,NIRCAM,f,,,0,7/2/2015 12:00,57205.5,0,8,,4,10,1,1,0,1,4,60160.32013,V01685013001P0000000004101,13,N1448_1,STSCI,FINEGUIDE,"Riess, Adam",NRCALL_FULL,PRDOPSSOC-067,1685,-44.61583333,56.16375,60158.45268,SHALLOW4,490,Stellar Populations and the Interstellar Medium,2024_2a,,1,-2,FULL,,2048,2048,1,1,-44.61583333,56.16375,NGC 1448,f,NGC-1448,FIXED,0.1,0.1,JWST,NIRCam Imaging,10.73677,53.68385,UTC,Uncrowding the Cepheids for an Improved Determination of the Hubble Constant,10,f,1,1685013001,8/2/2023 22:30,60158.93787,4,SUCCESSFUL,PRIME_TARGETED_FIXED,8/2/2023 20:41,60158.86189,86.0314377,3.04664292,t,,NaN,NaN,NaN,,ImageModel,f,,,,,8/2/2023 22:20,60158.93065,N1448,-0.044454242,,2023215T000627719_001_osf.xml,0,NaN,,,,,NaN,4,,NONE,1,4,f,CALCULATED_TRACK_TR_202111,8.7,4,250.8025863,,NaN,NaN,,-44.61141509,56.16205291,f,,Galaxy,Field galaxies,GSC30,0.105005805,0.408093278,483.15465,POLYGON ICRS  56.180153377 -44.592985810 56.132332740 -44.605270177 56.148778357 -44.638738964 56.196663989 -44.627356750,1.15.1,RELEASE,jwst_1276.pmap,11.17.25,LONG,,0,0,0,0,0,0,NULL,NULL,NULL,0,0,0,0,0,0,B,f,CLEAR,SMALL-GRID-DITHER,1,4,117544320,de6bb3909cca77881c18a18f980a6ed3,9/11/2024 0:24,60564.01676,9/11/2024 0:24,60564.01685,68,8/4/2024 9:44,60526.40616,FALSE,FALSE,FALSE,2686130,mast:JWST/product/jw01685013001_04101_00004_nrcblong_cal.fits
122105920,jw01685013001_04101_00004_nrcblong_i2d.fits,jw01685013001_04101_00004,2b,1,NRCB5_FULL,jw01685_20240910t234537_pool.csv,jw01685-o013_20240910t234537_image2_00001_asn.json,94.39261942,60158.93796,f,NaN,,60158.93485,60158.93175,GO,,29,f,9/11/2024 0:21,60564.01508,8/2/2023 22:29,60158.93687,8/2/2023 22:20,60158.93065,NRCBLONG,0,0,526.102,526.102,526.10173,OK,NRC_IMAGE,6,60158.93687,60158.93376,4,PRIME,60158.93065,1,F277W,4,NaN,S2I7000127,1,-44.53244287,14.13493538,1,56.19555614,8/2/2023 21:11,60158.88319,8/2/2023 21:07,60158.8804,0.019155813,0.016400617,0.017505582,96.41532395,60158.93798,f,60158.93488,60158.93177,NIRCAM,f,,,0,7/2/2015 12:00,57205.5,0,8,,4,10,1,1,0,1,4,60160.32013,V01685013001P0000000004101,13,N1448_1,STSCI,FINEGUIDE,"Riess, Adam",NRCALL_FULL,PRDOPSSOC-067,1685,-44.61583333,56.16375,60158.45268,SHALLOW4,490,Stellar Populations and the Interstellar Medium,2024_2a,,1,-2,FULL,,2048,2048,1,1,-44.61583333,56.16375,NGC 1448,f,NGC-1448,FIXED,0.1,0.1,JWST,NIRCam Imaging,10.73677,53.68385,UTC,Uncrowding the Cepheids for an Improved Determination of the Hubble Constant,10,f,1,1685013001,8/2/2023 22:30,60158.93787,4,SUCCESSFUL,PRIME_TARGETED_FIXED,8/2/2023 20:41,60158.86189,86.0314377,3.04664292,t,,NaN,NaN,NaN,,ImageModel,f,,,,,8/2/2023 22:20,60158.93065,N1448,-0.044454242,,2023215T000627719_001_osf.xml,0,NaN,,,,,NaN,4,,NONE,1,4,f,CALCULATED_TRACK_TR_202111,8.7,4,250.8025863,,1,1,,-44.61141509,56.16205291,f,,Galaxy,Field galaxies,GSC30,0.105005805,0.408093278,483.15465,POLYGON ICRS  56.180161124 -44.592974310 56.132144162 -44.604845026 56.148877495 -44.639169543 56.196919420 -44.627291809,1.15.1,RELEASE,jwst_1276.pmap,11.17.25,LONG,,0,0,0,0,0,0,NULL,NULL,NULL,0,0,0,0,0,0,B,f,CLEAR,SMALL-GRID-DITHER,1,4,120286080,26a6ecc0279ec69e3001363d3cbdf07c,9/11/2024 0:24,60564.01676,9/11/2024 0:24,60564.01685,68,8/4/2024 9:44,60526.40616,FALSE,FALSE,FALSE,2686130,mast:JWST/product/jw01685013001_04101_00004_nrcblong_i2d.fits
122105941,jw01685013001_04101_00002_nrcblong_cal.fits,jw01685013001_04101_00002,2b,1,NRCB5_FULL,jw01685_20240910t234537_pool.csv,jw01685-o013_20240910t234537_image2_00021_asn.json,94.33961415,60158.92467,f,NaN,,60158.92156,60158.91845,GO,,29,f,9/11/2024 0:22,60564.01592,8/2/2023 22:09,60158.92357,8/2/2023 22:00,60158.91736,NRCBLONG,0,0,526.102,526.102,526.10173,OK,NRC_IMAGE,6,60158.92357,60158.92047,2,PRIME,60158.91736,1,F277W,4,NaN,S2I7000127,1,-44.53244287,14.13493538,1,56.19555614,8/2/2023 21:11,60158.88319,8/2/2023 21:07,60158.8804,0.019155813,0.016400617,0.017505582,96.36231239,60158.92469,f,60158.92158,60158.91847,NIRCAM,f,,,0,7/2/2015 12:00,57205.5,0,8,,4,10,1,1,0,1,4,60160.32013,V01685013001P0000000004101,13,N1448_1,STSCI,FINEGUIDE,"Riess, Adam",NRCALL_FULL,PRDOPSSOC-067,1685,-44.61583333,56.16375,60158.45268,SHALLOW4,490,Stellar Populations and the Interstellar Medium,2024_2a,,1,-2,FULL,,2048,2048,1,1,-44.61583333,56.16375,NGC 1448,f,NGC-1448,FIXED,0.1,0.1,JWST,NIRCam Imaging,10.73677,53.68385,UTC,Uncrowding the Cepheids for an Improved Determination of the Hubble Constant,10,f,1,1685013001,8/2/2023 22:30,60158.93787,4,SUCCESSFUL,PRIME_TARGETED_FIXED,8/2/2023 20:41,60158.86189,85.95363756,2.984442848,t,,NaN,NaN,NaN,,ImageModel,f,,,,,8/2/2023 22:00,60158.91736,N1448,0.018124606,,2023215T000021176_002_osf.xml,0,NaN,,,,,NaN,2,,NONE,1,4,f,CALCULATED_TRACK_TR_202111,8.7,4,250.8025863,,NaN,NaN,,-44.61144167,56.16203836,f,,Galaxy,Field galaxies,GSC30,0.102218237,0.357760129,483.15465,POLYGON ICRS  56.180140473 -44.593011902 56.132319812 -44.605296265 56.148765431 -44.638765053 56.196651086 -44.627382844,1.15.1,RELEASE,jwst_1276.pmap,11.17.25,LONG,,0,0,0,0,0,0,NULL,NULL,NULL,0,0,0,0,0,0,B,f,CLEAR,SMALL-GRID-DITHER,1,4,117544320,1e72a87b9f3848a4a64461dc5f2bc81e,9/11/2024 0:24,60564.01676,9/11/2024 0:24,60564.01687,68,8/4/2024 9:43,60526.40509,FALSE,FALSE,FALSE,2685999,mast:JWST/product/jw01685013001_04101_00002_nrcblong_cal.fits
122105944,jw01685013001_04101_00002_nrcblong_i2d.fits,jw01685013001_04101_00002,2b,1,NRCB5_FULL,jw01685_20240910t234537_pool.csv,jw01685-o013_20240910t234537_image2_00021_asn.json,94.33961415,60158.92467,f,NaN,,60158.92156,60158.91845,GO,,29,f,9/11/2024 0:22,60564.01591,8/2/2023 22:09,60158.92357,8/2/2023 22:00,60158.91736,NRCBLONG,0,0,526.102,526.102,526.10173,OK,NRC_IMAGE,6,60158.92357,60158.92047,2,PRIME,60158.91736,1,F277W,4,NaN,S2I7000127,1,-44.53244287,14.13493538,1,56.19555614,8/2/2023 21:11,60158.88319,8/2/2023 21:07,60158.8804,0.019155813,0.016400617,0.017505582,96.36231239,60158.92469,f,60158.92158,60158.91847,NIRCAM,f,,,0,7/2/2015 12:00,57205.5,0,8,,4,10,1,1,0,1,4,60160.32013,V01685013001P0000000004101,13,N1448_1,STSCI,FINEGUIDE,"Riess, Adam",NRCALL_FULL,PRDOPSSOC-067,1685,-44.61583333,56.16375,60158.45268,SHALLOW4,490,Stellar Populations and the Interstellar Medium,2024_2a,,1,-2,FULL,,2048,2048,1,1,-44.61583333,56.16375,NGC 1448,f,NGC-1448,FIXED,0.1,0.1,JWST,NIRCam Imaging,10.73677,53.68385,UTC,Uncrowding the Cepheids for an Improved Determination of the Hubble Constant,10,f,1,1685013001,8/2/2023 22:30,60158.93787,4,SUCCESSFUL,PRIME_TARGETED_FIXED,8/2/2023 20:41,60158.86189,85.95363756,2.984442848,t,,NaN,NaN,NaN,,ImageModel,f,,,,,8/2/2023 22:00,60158.91736,N1448,0.018124606,,2023215T000021176_002_osf.xml,0,NaN,,,,,NaN,2,,NONE,1,4,f,CALCULATED_TRACK_TR_202111,8.7,4,250.8025863,,1,1,,-44.61144167,56.16203836,f,,Galaxy,Field galaxies,GSC30,0.102218237,0.357760129,483.15465,POLYGON ICRS  56.180148220 -44.593000402 56.132131234 -44.604871114 56.148864569 -44.639195632 56.196906518 -44.627317902,1.15.1,RELEASE,jwst_1276.pmap,11.17.25,LONG,,0,0,0,0,0,0,NULL,NULL,NULL,0,0,0,0,0,0,B,f,CLEAR,SMALL-GRID-DITHER,1,4,120286080,c7633477ab107fb80acc00644c98bde4,9/11/2024 0:24,60564.01676,9/11/2024 0:24,60564.01687,68,8/4/2024 9:43,60526.40509,FALSE,FALSE,FALSE,2685999,mast:JWST/product/jw01685013001_04101_00002_nrcblong_i2d.fits
122106008,jw01685013001_04101_00003_nrcb1_cal.fits,jw01685013001_04101_00003,2b,1,NRCB1_FULL,jw01685_20240910t234537_pool.csv,jw01685-o013_20240910t234537_image2_00015_asn.json,94.36636039,60158.93137,f,NaN,,60158.92827,60158.92516,GO,,29,f,9/11/2024 0:22,60564.01586,8/2/2023 22:19,60158.93028,8/2/2023 22:10,60158.92407,NRCB1,0,0,526.102,526.102,526.10173,OK,NRC_IMAGE,6,60158.93028,60158.92718,3,PRIME,60158.92407,1,F150W,4,NaN,S2I7000127,1,-44.53244287,14.13493538,1,56.19555614,8/2/2023 21:11,60158.88319,8/2/2023 21:07,60158.8804,0.019155813,0.016400617,0.017505582,96.38906177,60158.9314,f,60158.92829,60158.92518,NIRCAM,f,,,0,7/2/2015 12:00,57205.5,0,8,,4,10,1,1,0,1,4,60160.32013,V01685013001P0000000004101,13,N1448_1,STSCI,FINEGUIDE,"Riess, Adam",NRCALL_FULL,PRDOPSSOC-067,1685,-44.61583333,56.16375,60158.45268,SHALLOW4,486,Stellar Populations and the Interstellar Medium,2024_2a,,1,-2,FULL,,2048,2048,1,1,-44.61583333,56.16375,NGC 1448,f,NGC-1448,FIXED,0.1,0.1,JWST,NIRCam Imaging,10.73677,53.68385,UTC,Uncrowding the Cepheids for an Improved Determination of the Hubble Constant,10,f,1,1685013001,8/2/2023 22:30,60158.93787,4,SUCCESSFUL,PRIME_TARGETED_FIXED,8/2/2023 20:41,60158.86189,85.98473759,3.031142875,t,,NaN,NaN,NaN,,ImageModel,f,,,,,8/2/2023 22:10,60158.92407,N1448,-0.237675312,,2023215T000021176_002_osf.xml,0,NaN,,,,,NaN,3,,NONE,1,4,f,CALCULATED_TRACK_TR_202111,8.7,4,250.8025863,,NaN,NaN,,-44.62316324,56.15388056,f,,Galaxy,Field galaxies,GSC30,0.05859272,0.132741344,483.15465,POLYGON ICRS  56.163972913 -44.616706359 56.140677659 -44.622458775 56.148552110 -44.638913235 56.171886102 -44.633352387,1.15.1,RELEASE,jwst_1276.pmap,11.17.25,SHORT,,0,0,0,0,0,0,NULL,NULL,NULL,0,0,0,0,0,0,B,f,CLEAR,SMALL-GRID-DITHER,1,4,117544320,07efc44551bf56631ec3e4b0bbd260e2,9/11/2024 0:24,60564.01683,9/11/2024 0:24,60564.01691,68,8/4/2024 9:43,60526.40545,FALSE,FALSE,FALSE,2686064,mast:JWST/product/jw01685013001_04101_00003_nrcb1_cal.fits
122106011,jw01685013001_04101_00003_nrcb1_i2d.fits,jw01685013001_04101_00003,2b,1,NRCB1_FULL,jw01685_20240910t234537_pool.csv,jw01685-o013_20240910t234537_image2_00015_asn.json,94.36636039,60158.93137,f,NaN,,60158.92827,60158.92516,GO,,29,f,9/11/2024 0:22,60564.01585,8/2/2023 22:19,60158.93028,8/2/2023 22:10,60158.92407,NRCB1,0,0,526.102,526.102,526.10173,OK,NRC_IMAGE,6,60158.93028,60158.92718,3,PRIME,60158.92407,1,F150W,4,NaN,S2I7000127,1,-44.53244287,14.13493538,1,56.19555614,8/2/2023 21:11,60158.88319,8/2/2023 21:07,60158.8804,0.019155813,0.016400617,0.017505582,96.38906177,60158.9314,f,60158.92829,60158.92518,NIRCAM,f,,,0,7/2/2015 12:00,57205.5,0,8,,4,10,1,1,0,1,4,60160.32013,V01685013001P0000000004101,13,N1448_1,STSCI,FINEGUIDE,"Riess, Adam",NRCALL_FULL,PRDOPSSOC-067,1685,-44.61583333,56.16375,60158.45268,SHALLOW4,486,Stellar Populations and the Interstellar Medium,2024_2a,,1,-2,FULL,,2048,2048,1,1,-44.61583333,56.16375,NGC 1448,f,NGC-1448,FIXED,0.1,0.1,JWST,NIRCam Imaging,10.73677,53.68385,UTC,Uncrowding the Cepheids for an Improved Determination of the Hubble Constant,10,f,1,1685013001,8/2/2023 22:30,60158.93787,4,SUCCESSFUL,PRIME_TARGETED_FIXED,8/2/2023 20:41,60158.86189,85.98473759,3.031142875,t,,NaN,NaN,NaN,,ImageModel,f,,,,,8/2/2023 22:10,60158.92407,N1448,-0.237675312,,2023215T000021176_002_osf.xml,0,NaN,,,,,NaN,3,,NONE,1,4,f,CALCULATED_TRACK_TR_202111,8.7,4,250.8025863,,1,1,,-44.62316324,56.15388056,f,,Galaxy,Field galaxies,GSC30,0.05859272,0.132741344,483.15465,POLYGON ICRS  56.163976674 -44.616700892 56.140636681 -44.622363823 56.148599689 -44.638993621 56.171945593 -44.633329067,1.15.1,RELEASE,jwst_1276.pmap,11.17.25,SHORT,,0,0,0,0,0,0,NULL,NULL,NULL,0,0,0,0,0,0,B,f,CLEAR,SMALL-GRID-DITHER,1,4,118451520,671a8f57d4de3cb7bff087ae6c9d2096,9/11/2024 0:24,60564.01683,9/11/2024 0:24,60564.01691,68,8/4/2024 9:43,60526.40545,FALSE,FALSE,FALSE,2686064,mast:JWST/product/jw01685013001_04101_00003_nrcb1_i2d.fits
122106522,jw01685013001_04101_00003_nrcb2_cal.fits,jw01685013001_04101_00003,2b,1,NRCB2_FULL,jw01685_20240910t234537_pool.csv,jw01685-o013_20240910t234537_image2_00014_asn.json,94.36636353,60158.93137,f,NaN,,60158.92827,60158.92516,GO,,29,f,9/11/2024 0:23,60564.01607,8/2/2023 22:19,60158.93028,8/2/2023 22:10,60158.92407,NRCB2,0,0,526.102,526.102,526.10173,OK,NRC_IMAGE,6,60158.93028,60158.92718,3,PRIME,60158.92407,-1,F150W,4,NaN,S2I7000127,1,-44.53244287,14.13493538,1,56.19555614,8/2/2023 21:11,60158.88319,8/2/2023 21:07,60158.8804,0.019155813,0.016400617,0.017505582,96.38906491,60158.9314,f,60158.92829,60158.92518,NIRCAM,f,,,0,7/2/2015 12:00,57205.5,0,8,,4,10,1,1,0,1,4,60160.32013,V01685013001P0000000004101,13,N1448_1,STSCI,FINEGUIDE,"Riess, Adam",NRCALL_FULL,PRDOPSSOC-067,1685,-44.61583333,56.16375,60158.45268,SHALLOW4,487,Stellar Populations and the Interstellar Medium,2024_2a,,1,2,FULL,,2048,2048,1,1,-44.61583333,56.16375,NGC 1448,f,NGC-1448,FIXED,0.1,0.1,JWST,NIRCam Imaging,10.73677,53.68385,UTC,Uncrowding the Cepheids for an Improved Determination of the Hubble Constant,10,f,1,1685013001,8/2/2023 22:30,60158.93787,4,SUCCESSFUL,PRIME_TARGETED_FIXED,8/2/2023 20:41,60158.86189,85.98473759,3.031142875,t,,NaN,NaN,NaN,,ImageModel,f,,,,,8/2/2023 22:10,60158.92407,N1448,-0.237675312,,2023215T000021176_002_osf.xml,0,NaN,,,,,NaN,3,,NONE,1,4,f,CALCULATED_TRACK_TR_202111,8.7,4,250.8025863,,NaN,NaN,,-44.61705078,56.17887119,f,,Galaxy,Field galaxies,GSC30,0.061650706,0.123859024,483.15465,POLYGON ICRS  56.189235613 -44.610471100 56.165511985 -44.616198301 56.173337083 -44.632880711 56.197122591 -44.627397604,1.15.1,RELEASE,jwst_1276.pmap,11.17.25,SHORT,,0,0,0,0,0,0,NULL,NULL,NULL,0,0,0,0,0,0,B,f,CLEAR,SMALL-GRID-DITHER,1,4,117544320,43d47e389ce0bc74989b7608372c01cc,9/11/2024 0:25,60564.01746,9/11/2024 0:25,60564.01751,68,8/4/2024 9:43,60526.40535,FALSE,FALSE,FALSE,2686064,mast:JWST/product/jw01685013001_04101_00003_nrcb2_cal.fits
122106525,jw01685013001_04101_00003_nrcb2_i2d.fits,jw01685013001_04101_00003,2b,1,NRCB2_FULL,jw01685_20240910t234537_pool.csv,jw01685-o013_20240910t234537_image2_00014_asn.json,94.36636353,60158.93137,f,NaN,,60158.92827,60158.92516,GO,,29,f,9/11/2024 0:23,60564.01605,8/2/2023 22:19,60158.93028,8/2/2023 22:10,60158.92407,NRCB2,0,0,526.102,526.102,526.10173,OK,NRC_IMAGE,6,60158.93028,60158.92718,3,PRIME,60158.92407,-1,F150W,4,NaN,S2I7000127,1,-44.53244287,14.13493538,1,56.19555614,8/2/2023 21:11,60158.88319,8/2/2023 21:07,60158.8804,0.019155813,0.016400617,0.017505582,96.38906491,60158.9314,f,60158.92829,60158.92518,NIRCAM,f,,,0,7/2/2015 12:00,57205.5,0,8,,4,10,1,1,0,1,4,60160.32013,V01685013001P0000000004101,13,N1448_1,STSCI,FINEGUIDE,"Riess, Adam",NRCALL_FULL,PRDOPSSOC-067,1685,-44.61583333,56.16375,60158.45268,SHALLOW4,487,Stellar Populations and the Interstellar Medium,2024_2a,,1,2,FULL,,2048,2048,1,1,-44.61583333,56.16375,NGC 1448,f,NGC-1448,FIXED,0.1,0.1,JWST,NIRCam Imaging,10.73677,53.68385,UTC,Uncrowding the Cepheids for an Improved Determination of the Hubble Constant,10,f,1,1685013001,8/2/2023 22:30,60158.93787,4,SUCCESSFUL,PRIME_TARGETED_FIXED,8/2/2023 20:41,60158.86189,85.98473759,3.031142875,t,,NaN,NaN,NaN,,ImageModel,f,,,,,8/2/2023 22:10,60158.92407,N1448,-0.237675312,,2023215T000021176_002_osf.xml,0,NaN,,,,,NaN,3,,NONE,1,4,f,CALCULATED_TRACK_TR_202111,8.7,4,250.8025863,,1,1,,-44.61705078,56.17887119,f,,Galaxy,Field galaxies,GSC30,0.061650706,0.123859024,483.15465,POLYGON ICRS  56.189239523 -44.610465562 56.165459696 -44.616076614 56.173341112 -44.633005149 56.197127111 -44.627392461,1.15.1,RELEASE,jwst_1276.pmap,11.17.25,SHORT,,0,0,0,0,0,0,NULL,NULL,NULL,0,0,0,0,0,0,B,f,CLEAR,SMALL-GRID-DITHER,1,4,118673280,52d10f895d74bb8b7b71f8eee930178f,9/11/2024 0:25,60564.01746,9/11/2024 0:25,60564.01751,68,8/4/2024 9:43,60526.40535,FALSE,FALSE,FALSE,2686064,mast:JWST/product/jw01685013001_04101_00003_nrcb2_i2d.fits
122106563,jw01685013001_04101_00003_nrca1_cal.fits,jw01685013001_04101_00003,2b,1,NRCA1_FULL,jw01685_20240910t234537_pool.csv,jw01685-o013_20240910t234537_image2_00020_asn.json,94.36587004,60158.93125,f,NaN,,60158.92814,60158.92504,GO,,29,f,9/11/2024 0:22,60564.01596,8/2/2023 22:19,60158.93016,8/2/2023 22:10,60158.92395,NRCA1,0,0,526.102,526.102,526.10173,OK,NRC_IMAGE,6,60158.93016,60158.92705,3,PRIME,60158.92395,-1,F150W,4,NaN,S2I7000127,1,-44.53244287,14.13493538,1,56.19555614,8/2/2023 21:11,60158.88319,8/2/2023 21:07,60158.8804,0.019155813,0.016400617,0.017505582,96.38857143,60158.93127,f,60158.92817,60158.92506,NIRCAM,f,,,0,7/2/2015 12:00,57205.5,0,8,,4,10,1,1,0,1,4,60160.32013,V01685013001P0000000004101,13,N1448_1,STSCI,FINEGUIDE,"Riess, Adam",NRCALL_FULL,PRDOPSSOC-067,1685,-44.61583333,56.16375,60158.45268,SHALLOW4,481,Stellar Populations and the Interstellar Medium,2024_2a,,1,2,FULL,,2048,2048,1,1,-44.61583333,56.16375,NGC 1448,f,NGC-1448,FIXED,0.1,0.1,JWST,NIRCam Imaging,10.73677,53.68385,UTC,Uncrowding the Cepheids for an Improved Determination of the Hubble Constant,10,f,1,1685013001,8/2/2023 22:30,60158.93787,4,SUCCESSFUL,PRIME_TARGETED_FIXED,8/2/2023 20:41,60158.86189,85.98473759,3.031142875,t,,NaN,NaN,NaN,,ImageModel,f,,,,,8/2/2023 22:10,60158.92395,N1448,-0.234865768,,2023215T000021176_002_osf.xml,0,NaN,,,,,NaN,3,,NONE,1,4,f,CALCULATED_TRACK_TR_202111,8.7,4,250.8025863,,NaN,NaN,,-44.55304189,56.14847594,f,,Galaxy,Field galaxies,GSC30,0.061774565,0.125832873,483.15465,POLYGON ICRS  56.158437590 -44.546296140 56.134969328 -44.552421842 56.143251536 -44.569005862 56.166897626 -44.563095879,1.15.1,RELEASE,jwst_1276.pmap,11.17.25,SHORT,,0,0,0,0,0,0,NULL,NULL,NULL,0,0,0,0,0,0,A,f,CLEAR,SMALL-GRID-DITHER,1,4,117538560,dc74a79e4bc1bff41425c343c0708b2c,9/11/2024 0:25,60564.01749,9/11/2024 0:25,60564.01755,68,8/4/2024 9:43,60526.40494,FALSE,FALSE,FALSE,2686064,mast:JWST/product/jw01685013001_04101_00003_nrca1_cal.fits
122106566,jw01685013001_04101_00003_nrca1_i2d.fits,jw01685013001_04101_00003,2b,1,NRCA1_FULL,jw01685_20240910t234537_pool.csv,jw01685-o013_20240910t234537_image2_00020_asn.json,94.36587004,60158.93125,f,NaN,,60158.92814,60158.92504,GO,,29,f,9/11/2024 0:22,60564.01595,8/2/2023 22:19,60158.93016,8/2/2023 22:10,60158.92395,NRCA1,0,0,526.102,526.102,526.10173,OK,NRC_IMAGE,6,60158.93016,60158.92705,3,PRIME,60158.92395,-1,F150W,4,NaN,S2I7000127,1,-44.53244287,14.13493538,1,56.19555614,8/2/2023 21:11,60158.88319,8/2/2023 21:07,60158.8804,0.019155813,0.016400617,0.017505582,96.38857143,60158.93127,f,60158.92817,60158.92506,NIRCAM,f,,,0,7/2/2015 12:00,57205.5,0,8,,4,10,1,1,0,1,4,60160.32013,V01685013001P0000000004101,13,N1448_1,STSCI,FINEGUIDE,"Riess, Adam",NRCALL_FULL,PRDOPSSOC-067,1685,-44.61583333,56.16375,60158.45268,SHALLOW4,481,Stellar Populations and the Interstellar Medium,2024_2a,,1,2,FULL,,2048,2048,1,1,-44.61583333,56.16375,NGC 1448,f,NGC-1448,FIXED,0.1,0.1,JWST,NIRCam Imaging,10.73677,53.68385,UTC,Uncrowding the Cepheids for an Improved Determination of the Hubble Constant,10,f,1,1685013001,8/2/2023 22:30,60158.93787,4,SUCCESSFUL,PRIME_TARGETED_FIXED,8/2/2023 20:41,60158.86189,85.98473759,3.031142875,t,,NaN,NaN,NaN,,ImageModel,f,,,,,8/2/2023 22:10,60158.92395,N1448,-0.234865768,,2023215T000021176_002_osf.xml,0,NaN,,,,,NaN,3,,NONE,1,4,f,CALCULATED_TRACK_TR_202111,8.7,4,250.8025863,,1,1,,-44.55304189,56.14847594,f,,Galaxy,Field galaxies,GSC30,0.061774565,0.125832873,483.15465,POLYGON ICRS  56.158446929 -44.546289072 56.134864906 -44.552311443 56.143315084 -44.569117661 56.166903044 -44.563093551,1.15.1,RELEASE,jwst_1276.pmap,11.17.25,SHORT,,0,0,0,0,0,0,NULL,NULL,NULL,0,0,0,0,0,0,A,f,CLEAR,SMALL-GRID-DITHER,1,4,118673280,3a4e3cdf4241822fd9221bb80ecfcc0b,9/11/2024 0:25,60564.01749,9/11/2024 0:25,60564.01755,68,8/4/2024 9:43,60526.40494,FALSE,FALSE,FALSE,2686064,mast:JWST/product/jw01685013001_04101_00003_nrca1_i2d.fits
122106597,jw01685013001_04101_00003_nrcalong_cal.fits,jw01685013001_04101_00003,2b,1,NRCA5_FULL,jw01685_20240910t234537_pool.csv,jw01685-o013_20240910t234537_image2_00016_asn.json,94.36587004,60158.93125,f,NaN,,60158.92814,60158.92504,GO,,29,f,9/11/2024 0:22,60564.01595,8/2/2023 22:19,60158.93016,8/2/2023 22:10,60158.92395,NRCALONG,0,0,526.102,526.102,526.10173,OK,NRC_IMAGE,6,60158.93016,60158.92705,3,PRIME,60158.92395,-1,F277W,4,NaN,S2I7000127,1,-44.53244287,14.13493538,1,56.19555614,8/2/2023 21:11,60158.88319,8/2/2023 21:07,60158.8804,0.019155813,0.016400617,0.017505582,96.38857143,60158.93127,f,60158.92817,60158.92506,NIRCAM,f,,,0,7/2/2015 12:00,57205.5,0,8,,4,10,1,1,0,1,4,60160.32013,V01685013001P0000000004101,13,N1448_1,STSCI,FINEGUIDE,"Riess, Adam",NRCALL_FULL,PRDOPSSOC-067,1685,-44.61583333,56.16375,60158.45268,SHALLOW4,485,Stellar Populations and the Interstellar Medium,2024_2a,,1,2,FULL,,2048,2048,1,1,-44.61583333,56.16375,NGC 1448,f,NGC-1448,FIXED,0.1,0.1,JWST,NIRCam Imaging,10.73677,53.68385,UTC,Uncrowding the Cepheids for an Improved Determination of the Hubble Constant,10,f,1,1685013001,8/2/2023 22:30,60158.93787,4,SUCCESSFUL,PRIME_TARGETED_FIXED,8/2/2023 20:41,60158.86189,85.98473759,3.031142875,t,,NaN,NaN,NaN,,ImageModel,f,,,,,8/2/2023 22:10,60158.92395,N1448,-0.234865768,,2023215T000021176_002_osf.xml,0,NaN,,,,,NaN,3,,NONE,1,4,f,CALCULATED_TRACK_TR_202111,8.7,4,250.8025863,,NaN,NaN,,-44.56523302,56.14039021,f,,Galaxy,Field galaxies,GSC30,0.103650265,0.324204696,483.15465,POLYGON ICRS  56.158170381 -44.546900762 56.110831561 -44.559109785 56.127084223 -44.592568720 56.175193353 -44.581071615,1.15.1,RELEASE,jwst_1276.pmap,11.17.25,LONG,,0,0,0,0,0,0,NULL,NULL,NULL,0,0,0,0,0,0,A,f,CLEAR,SMALL-GRID-DITHER,1,4,117544320,4d22695f36a0efdc8fadda5497ec635e,9/11/2024 0:25,60564.01751,9/11/2024 0:25,60564.01757,68,8/4/2024 9:43,60526.40524,FALSE,FALSE,FALSE,2686064,mast:JWST/product/jw01685013001_04101_00003_nrcalong_cal.fits
122106600,jw01685013001_04101_00003_nrcalong_i2d.fits,jw01685013001_04101_00003,2b,1,NRCA5_FULL,jw01685_20240910t234537_pool.csv,jw01685-o013_20240910t234537_image2_00016_asn.json,94.36587004,60158.93125,f,NaN,,60158.92814,60158.92504,GO,,29,f,9/11/2024 0:22,60564.01594,8/2/2023 22:19,60158.93016,8/2/2023 22:10,60158.92395,NRCALONG,0,0,526.102,526.102,526.10173,OK,NRC_IMAGE,6,60158.93016,60158.92705,3,PRIME,60158.92395,-1,F277W,4,NaN,S2I7000127,1,-44.53244287,14.13493538,1,56.19555614,8/2/2023 21:11,60158.88319,8/2/2023 21:07,60158.8804,0.019155813,0.016400617,0.017505582,96.38857143,60158.93127,f,60158.92817,60158.92506,NIRCAM,f,,,0,7/2/2015 12:00,57205.5,0,8,,4,10,1,1,0,1,4,60160.32013,V01685013001P0000000004101,13,N1448_1,STSCI,FINEGUIDE,"Riess, Adam",NRCALL_FULL,PRDOPSSOC-067,1685,-44.61583333,56.16375,60158.45268,SHALLOW4,485,Stellar Populations and the Interstellar Medium,2024_2a,,1,2,FULL,,2048,2048,1,1,-44.61583333,56.16375,NGC 1448,f,NGC-1448,FIXED,0.1,0.1,JWST,NIRCam Imaging,10.73677,53.68385,UTC,Uncrowding the Cepheids for an Improved Determination of the Hubble Constant,10,f,1,1685013001,8/2/2023 22:30,60158.93787,4,SUCCESSFUL,PRIME_TARGETED_FIXED,8/2/2023 20:41,60158.86189,85.98473759,3.031142875,t,,NaN,NaN,NaN,,ImageModel,f,,,,,8/2/2023 22:10,60158.92395,N1448,-0.234865768,,2023215T000021176_002_osf.xml,0,NaN,,,,,NaN,3,,NONE,1,4,f,CALCULATED_TRACK_TR_202111,8.7,4,250.8025863,,1,1,,-44.56523302,56.14039021,f,,Galaxy,Field galaxies,GSC30,0.103650265,0.324204696,483.15465,POLYGON ICRS  56.158430147 -44.546826615 56.110543892 -44.558721980 56.127290670 -44.592963726 56.175201693 -44.581061356,1.15.1,RELEASE,jwst_1276.pmap,11.17.25,LONG,,0,0,0,0,0,0,NULL,NULL,NULL,0,0,0,0,0,0,A,f,CLEAR,SMALL-GRID-DITHER,1,4,120225600,4f4b081af8262e3f8e2994b14c0663c9,9/11/2024 0:25,60564.01751,9/11/2024 0:25,60564.01757,68,8/4/2024 9:43,60526.40524,FALSE,FALSE,FALSE,2686064,mast:JWST/product/jw01685013001_04101_00003_nrcalong_i2d.fits
122106651,jw01685013001_04101_00002_nrcb3_cal.fits,jw01685013001_04101_00002,2b,1,NRCB3_FULL,jw01685_20240910t234537_pool.csv,jw01685-o013_20240910t234537_image2_00023_asn.json,94.33961415,60158.92467,f,NaN,,60158.92156,60158.91845,GO,,29,f,9/11/2024 0:23,60564.016,8/2/2023 22:09,60158.92357,8/2/2023 22:00,60158.91736,NRCB3,0,0,526.102,526.102,526.10173,OK,NRC_IMAGE,6,60158.92357,60158.92047,2,PRIME,60158.91736,1,F150W,4,NaN,S2I7000127,1,-44.53244287,14.13493538,1,56.19555614,8/2/2023 21:11,60158.88319,8/2/2023 21:07,60158.8804,0.019155813,0.016400617,0.017505582,96.36231239,60158.92469,f,60158.92158,60158.91847,NIRCAM,f,,,0,7/2/2015 12:00,57205.5,0,8,,4,10,1,1,0,1,4,60160.32013,V01685013001P0000000004101,13,N1448_1,STSCI,FINEGUIDE,"Riess, Adam",NRCALL_FULL,PRDOPSSOC-067,1685,-44.61583333,56.16375,60158.45268,SHALLOW4,488,Stellar Populations and the Interstellar Medium,2024_2a,,1,-2,FULL,,2048,2048,1,1,-44.61583333,56.16375,NGC 1448,f,NGC-1448,FIXED,0.1,0.1,JWST,NIRCam Imaging,10.73677,53.68385,UTC,Uncrowding the Cepheids for an Improved Determination of the Hubble Constant,10,f,1,1685013001,8/2/2023 22:30,60158.93787,4,SUCCESSFUL,PRIME_TARGETED_FIXED,8/2/2023 20:41,60158.86189,85.95363756,2.984442848,t,,NaN,NaN,NaN,,ImageModel,f,,,,,8/2/2023 22:00,60158.91736,N1448,0.018124606,,2023215T000021176_002_osf.xml,0,NaN,,,,,NaN,2,,NONE,1,4,f,CALCULATED_TRACK_TR_202111,8.7,4,250.8025863,,NaN,NaN,,-44.60538314,56.14517753,f,,Galaxy,Field galaxies,GSC30,0.058254699,0.136689042,483.15465,POLYGON ICRS  56.155075428 -44.598777076 56.131773942 -44.604790648 56.140050203 -44.621223176 56.163326107 -44.615418031,1.15.1,RELEASE,jwst_1276.pmap,11.17.25,SHORT,,0,0,0,0,0,0,NULL,NULL,NULL,0,0,0,0,0,0,B,f,CLEAR,SMALL-GRID-DITHER,1,4,117544320,c9167eca692f0b78863d0cb98f37f1db,9/11/2024 0:25,60564.01755,9/11/2024 0:25,60564.01761,68,8/4/2024 9:42,60526.40481,FALSE,FALSE,FALSE,2685999,mast:JWST/product/jw01685013001_04101_00002_nrcb3_cal.fits
122106654,jw01685013001_04101_00002_nrcb3_i2d.fits,jw01685013001_04101_00002,2b,1,NRCB3_FULL,jw01685_20240910t234537_pool.csv,jw01685-o013_20240910t234537_image2_00023_asn.json,94.33961415,60158.92467,f,NaN,,60158.92156,60158.91845,GO,,29,f,9/11/2024 0:23,60564.01598,8/2/2023 22:09,60158.92357,8/2/2023 22:00,60158.91736,NRCB3,0,0,526.102,526.102,526.10173,OK,NRC_IMAGE,6,60158.92357,60158.92047,2,PRIME,60158.91736,1,F150W,4,NaN,S2I7000127,1,-44.53244287,14.13493538,1,56.19555614,8/2/2023 21:11,60158.88319,8/2/2023 21:07,60158.8804,0.019155813,0.016400617,0.017505582,96.36231239,60158.92469,f,60158.92158,60158.91847,NIRCAM,f,,,0,7/2/2015 12:00,57205.5,0,8,,4,10,1,1,0,1,4,60160.32013,V01685013001P0000000004101,13,N1448_1,STSCI,FINEGUIDE,"Riess, Adam",NRCALL_FULL,PRDOPSSOC-067,1685,-44.61583333,56.16375,60158.45268,SHALLOW4,488,Stellar Populations and the Interstellar Medium,2024_2a,,1,-2,FULL,,2048,2048,1,1,-44.61583333,56.16375,NGC 1448,f,NGC-1448,FIXED,0.1,0.1,JWST,NIRCam Imaging,10.73677,53.68385,UTC,Uncrowding the Cepheids for an Improved Determination of the Hubble Constant,10,f,1,1685013001,8/2/2023 22:30,60158.93787,4,SUCCESSFUL,PRIME_TARGETED_FIXED,8/2/2023 20:41,60158.86189,85.95363756,2.984442848,t,,NaN,NaN,NaN,,ImageModel,f,,,,,8/2/2023 22:00,60158.91736,N1448,0.018124606,,2023215T000021176_002_osf.xml,0,NaN,,,,,NaN,2,,NONE,1,4,f,CALCULATED_TRACK_TR_202111,8.7,4,250.8025863,,1,1,,-44.60538314,56.14517753,f,,Galaxy,Field galaxies,GSC30,0.058254699,0.136689042,483.15465,POLYGON ICRS  56.155079095 -44.598771522 56.131729286 -44.604695720 56.140049196 -44.621321442 56.163404841 -44.615395548,1.15.1,RELEASE,jwst_1276.pmap,11.17.25,SHORT,,0,0,0,0,0,0,NULL,NULL,NULL,0,0,0,0,0,0,B,f,CLEAR,SMALL-GRID-DITHER,1,4,118673280,e9c31e0321e733d4bcb0240ceef02bfd,9/11/2024 0:25,60564.01755,9/11/2024 0:25,60564.01761,68,8/4/2024 9:42,60526.40481,FALSE,FALSE,FALSE,2685999,mast:JWST/product/jw01685013001_04101_00002_nrcb3_i2d.fits
122106655,jw01685013001_04101_00003_nrcb3_cal.fits,jw01685013001_04101_00003,2b,1,NRCB3_FULL,jw01685_20240910t234537_pool.csv,jw01685-o013_20240910t234537_image2_00013_asn.json,94.36636353,60158.93137,f,NaN,,60158.92827,60158.92516,GO,,29,f,9/11/2024 0:22,60564.01593,8/2/2023 22:19,60158.93028,8/2/2023 22:10,60158.92407,NRCB3,0,0,526.102,526.102,526.10173,OK,NRC_IMAGE,6,60158.93028,60158.92718,3,PRIME,60158.92407,1,F150W,4,NaN,S2I7000127,1,-44.53244287,14.13493538,1,56.19555614,8/2/2023 21:11,60158.88319,8/2/2023 21:07,60158.8804,0.019155813,0.016400617,0.017505582,96.38906491,60158.9314,f,60158.92829,60158.92518,NIRCAM,f,,,0,7/2/2015 12:00,57205.5,0,8,,4,10,1,1,0,1,4,60160.32013,V01685013001P0000000004101,13,N1448_1,STSCI,FINEGUIDE,"Riess, Adam",NRCALL_FULL,PRDOPSSOC-067,1685,-44.61583333,56.16375,60158.45268,SHALLOW4,488,Stellar Populations and the Interstellar Medium,2024_2a,,1,-2,FULL,,2048,2048,1,1,-44.61583333,56.16375,NGC 1448,f,NGC-1448,FIXED,0.1,0.1,JWST,NIRCam Imaging,10.73677,53.68385,UTC,Uncrowding the Cepheids for an Improved Determination of the Hubble Constant,10,f,1,1685013001,8/2/2023 22:30,60158.93787,4,SUCCESSFUL,PRIME_TARGETED_FIXED,8/2/2023 20:41,60158.86189,85.98473759,3.031142875,t,,NaN,NaN,NaN,,ImageModel,f,,,,,8/2/2023 22:10,60158.92407,N1448,-0.237675312,,2023215T000021176_002_osf.xml,0,NaN,,,,,NaN,3,,NONE,1,4,f,CALCULATED_TRACK_TR_202111,8.7,4,250.8025863,,NaN,NaN,,-44.60537047,56.14519156,f,,Galaxy,Field galaxies,GSC30,0.05999366,0.137675967,483.15465,POLYGON ICRS  56.155088630 -44.598764655 56.131787151 -44.604778230 56.140063414 -44.621210757 56.163339311 -44.615405609,1.15.1,RELEASE,jwst_1276.pmap,11.17.25,SHORT,,0,0,0,0,0,0,NULL,NULL,NULL,0,0,0,0,0,0,B,f,CLEAR,SMALL-GRID-DITHER,1,4,117544320,8c981af6d9af36662c5ab9aa9f689e2c,9/11/2024 0:25,60564.01755,9/11/2024 0:25,60564.01762,68,8/4/2024 9:43,60526.40542,FALSE,FALSE,FALSE,2686064,mast:JWST/product/jw01685013001_04101_00003_nrcb3_cal.fits
122106658,jw01685013001_04101_00003_nrcb3_i2d.fits,jw01685013001_04101_00003,2b,1,NRCB3_FULL,jw01685_20240910t234537_pool.csv,jw01685-o013_20240910t234537_image2_00013_asn.json,94.36636353,60158.93137,f,NaN,,60158.92827,60158.92516,GO,,29,f,9/11/2024 0:22,60564.01591,8/2/2023 22:19,60158.93028,8/2/2023 22:10,60158.92407,NRCB3,0,0,526.102,526.102,526.10173,OK,NRC_IMAGE,6,60158.93028,60158.92718,3,PRIME,60158.92407,1,F150W,4,NaN,S2I7000127,1,-44.53244287,14.13493538,1,56.19555614,8/2/2023 21:11,60158.88319,8/2/2023 21:07,60158.8804,0.019155813,0.016400617,0.017505582,96.38906491,60158.9314,f,60158.92829,60158.92518,NIRCAM,f,,,0,7/2/2015 12:00,57205.5,0,8,,4,10,1,1,0,1,4,60160.32013,V01685013001P0000000004101,13,N1448_1,STSCI,FINEGUIDE,"Riess, Adam",NRCALL_FULL,PRDOPSSOC-067,1685,-44.61583333,56.16375,60158.45268,SHALLOW4,488,Stellar Populations and the Interstellar Medium,2024_2a,,1,-2,FULL,,2048,2048,1,1,-44.61583333,56.16375,NGC 1448,f,NGC-1448,FIXED,0.1,0.1,JWST,NIRCam Imaging,10.73677,53.68385,UTC,Uncrowding the Cepheids for an Improved Determination of the Hubble Constant,10,f,1,1685013001,8/2/2023 22:30,60158.93787,4,SUCCESSFUL,PRIME_TARGETED_FIXED,8/2/2023 20:41,60158.86189,85.98473759,3.031142875,t,,NaN,NaN,NaN,,ImageModel,f,,,,,8/2/2023 22:10,60158.92407,N1448,-0.237675312,,2023215T000021176_002_osf.xml,0,NaN,,,,,NaN,3,,NONE,1,4,f,CALCULATED_TRACK_TR_202111,8.7,4,250.8025863,,1,1,,-44.60537047,56.14519156,f,,Galaxy,Field galaxies,GSC30,0.05999366,0.137675967,483.15465,POLYGON ICRS  56.155092297 -44.598759101 56.131742494 -44.604683302 56.140062407 -44.621309023 56.163418045 -44.615383126,1.15.1,RELEASE,jwst_1276.pmap,11.17.25,SHORT,,0,0,0,0,0,0,NULL,NULL,NULL,0,0,0,0,0,0,B,f,CLEAR,SMALL-GRID-DITHER,1,4,118673280,5a275bd6329c91b6498ec82ab5f6e6fb,9/11/2024 0:25,60564.01755,9/11/2024 0:25,60564.01762,68,8/4/2024 9:43,60526.40542,FALSE,FALSE,FALSE,2686064,mast:JWST/product/jw01685013001_04101_00003_nrcb3_i2d.fits
122106682,jw01685013001_04101_00002_nrcb2_cal.fits,jw01685013001_04101_00002,2b,1,NRCB2_FULL,jw01685_20240910t234537_pool.csv,jw01685-o013_20240910t234537_image2_00024_asn.json,94.33961415,60158.92467,f,NaN,,60158.92156,60158.91845,GO,,29,f,9/11/2024 0:22,60564.01597,8/2/2023 22:09,60158.92357,8/2/2023 22:00,60158.91736,NRCB2,0,0,526.102,526.102,526.10173,OK,NRC_IMAGE,6,60158.92357,60158.92047,2,PRIME,60158.91736,-1,F150W,4,NaN,S2I7000127,1,-44.53244287,14.13493538,1,56.19555614,8/2/2023 21:11,60158.88319,8/2/2023 21:07,60158.8804,0.019155813,0.016400617,0.017505582,96.36231239,60158.92469,f,60158.92158,60158.91847,NIRCAM,f,,,0,7/2/2015 12:00,57205.5,0,8,,4,10,1,1,0,1,4,60160.32013,V01685013001P0000000004101,13,N1448_1,STSCI,FINEGUIDE,"Riess, Adam",NRCALL_FULL,PRDOPSSOC-067,1685,-44.61583333,56.16375,60158.45268,SHALLOW4,487,Stellar Populations and the Interstellar Medium,2024_2a,,1,2,FULL,,2048,2048,1,1,-44.61583333,56.16375,NGC 1448,f,NGC-1448,FIXED,0.1,0.1,JWST,NIRCam Imaging,10.73677,53.68385,UTC,Uncrowding the Cepheids for an Improved Determination of the Hubble Constant,10,f,1,1685013001,8/2/2023 22:30,60158.93787,4,SUCCESSFUL,PRIME_TARGETED_FIXED,8/2/2023 20:41,60158.86189,85.95363756,2.984442848,t,,NaN,NaN,NaN,,ImageModel,f,,,,,8/2/2023 22:00,60158.91736,N1448,0.018124606,,2023215T000021176_002_osf.xml,0,NaN,,,,,NaN,2,,NONE,1,4,f,CALCULATED_TRACK_TR_202111,8.7,4,250.8025863,,NaN,NaN,,-44.61706345,56.17885716,f,,Galaxy,Field galaxies,GSC30,0.068083973,0.15593407,483.15465,POLYGON ICRS  56.189222415 -44.610483525 56.165498781 -44.616210724 56.173323876 -44.632893134 56.197109391 -44.627410031,1.15.1,RELEASE,jwst_1276.pmap,11.17.25,SHORT,,0,0,0,0,0,0,NULL,NULL,NULL,0,0,0,0,0,0,B,f,CLEAR,SMALL-GRID-DITHER,1,4,117544320,ece816bcfe8639c7ee837ffbb1486a03,9/11/2024 0:25,60564.01758,9/11/2024 0:25,60564.01764,68,8/4/2024 9:42,60526.40479,FALSE,FALSE,FALSE,2685999,mast:JWST/product/jw01685013001_04101_00002_nrcb2_cal.fits
122106685,jw01685013001_04101_00002_nrcb2_i2d.fits,jw01685013001_04101_00002,2b,1,NRCB2_FULL,jw01685_20240910t234537_pool.csv,jw01685-o013_20240910t234537_image2_00024_asn.json,94.33961415,60158.92467,f,NaN,,60158.92156,60158.91845,GO,,29,f,9/11/2024 0:22,60564.01595,8/2/2023 22:09,60158.92357,8/2/2023 22:00,60158.91736,NRCB2,0,0,526.102,526.102,526.10173,OK,NRC_IMAGE,6,60158.92357,60158.92047,2,PRIME,60158.91736,-1,F150W,4,NaN,S2I7000127,1,-44.53244287,14.13493538,1,56.19555614,8/2/2023 21:11,60158.88319,8/2/2023 21:07,60158.8804,0.019155813,0.016400617,0.017505582,96.36231239,60158.92469,f,60158.92158,60158.91847,NIRCAM,f,,,0,7/2/2015 12:00,57205.5,0,8,,4,10,1,1,0,1,4,60160.32013,V01685013001P0000000004101,13,N1448_1,STSCI,FINEGUIDE,"Riess, Adam",NRCALL_FULL,PRDOPSSOC-067,1685,-44.61583333,56.16375,60158.45268,SHALLOW4,487,Stellar Populations and the Interstellar Medium,2024_2a,,1,2,FULL,,2048,2048,1,1,-44.61583333,56.16375,NGC 1448,f,NGC-1448,FIXED,0.1,0.1,JWST,NIRCam Imaging,10.73677,53.68385,UTC,Uncrowding the Cepheids for an Improved Determination of the Hubble Constant,10,f,1,1685013001,8/2/2023 22:30,60158.93787,4,SUCCESSFUL,PRIME_TARGETED_FIXED,8/2/2023 20:41,60158.86189,85.95363756,2.984442848,t,,NaN,NaN,NaN,,ImageModel,f,,,,,8/2/2023 22:00,60158.91736,N1448,0.018124606,,2023215T000021176_002_osf.xml,0,NaN,,,,,NaN,2,,NONE,1,4,f,CALCULATED_TRACK_TR_202111,8.7,4,250.8025863,,1,1,,-44.61706345,56.17885716,f,,Galaxy,Field galaxies,GSC30,0.068083973,0.15593407,483.15465,POLYGON ICRS  56.189226326 -44.610477988 56.165446492 -44.616089037 56.173327905 -44.633017573 56.197113911 -44.627404887,1.15.1,RELEASE,jwst_1276.pmap,11.17.25,SHORT,,0,0,0,0,0,0,NULL,NULL,NULL,0,0,0,0,0,0,B,f,CLEAR,SMALL-GRID-DITHER,1,4,118673280,4ffeff54b19ce2c73690db34a49de30b,9/11/2024 0:25,60564.01758,9/11/2024 0:25,60564.01765,68,8/4/2024 9:42,60526.40479,FALSE,FALSE,FALSE,2685999,mast:JWST/product/jw01685013001_04101_00002_nrcb2_i2d.fits
122106742,jw01685013001_04101_00002_nrcb1_cal.fits,jw01685013001_04101_00002,2b,1,NRCB1_FULL,jw01685_20240910t234537_pool.csv,jw01685-o013_20240910t234537_image2_00025_asn.json,94.33961101,60158.92466,f,NaN,,60158.92156,60158.91845,GO,,29,f,9/11/2024 0:22,60564.01592,8/2/2023 22:09,60158.92357,8/2/2023 22:00,60158.91736,NRCB1,0,0,526.102,526.102,526.10173,OK,NRC_IMAGE,6,60158.92357,60158.92047,2,PRIME,60158.91736,1,F150W,4,NaN,S2I7000127,1,-44.53244287,14.13493538,1,56.19555614,8/2/2023 21:11,60158.88319,8/2/2023 21:07,60158.8804,0.019155813,0.016400617,0.017505582,96.36230988,60158.92469,f,60158.92158,60158.91847,NIRCAM,f,,,0,7/2/2015 12:00,57205.5,0,8,,4,10,1,1,0,1,4,60160.32013,V01685013001P0000000004101,13,N1448_1,STSCI,FINEGUIDE,"Riess, Adam",NRCALL_FULL,PRDOPSSOC-067,1685,-44.61583333,56.16375,60158.45268,SHALLOW4,486,Stellar Populations and the Interstellar Medium,2024_2a,,1,-2,FULL,,2048,2048,1,1,-44.61583333,56.16375,NGC 1448,f,NGC-1448,FIXED,0.1,0.1,JWST,NIRCam Imaging,10.73677,53.68385,UTC,Uncrowding the Cepheids for an Improved Determination of the Hubble Constant,10,f,1,1685013001,8/2/2023 22:30,60158.93787,4,SUCCESSFUL,PRIME_TARGETED_FIXED,8/2/2023 20:41,60158.86189,85.95363756,2.984442848,t,,NaN,NaN,NaN,,ImageModel,f,,,,,8/2/2023 22:00,60158.91736,N1448,0.018124606,,2023215T000021176_002_osf.xml,0,NaN,,,,,NaN,2,,NONE,1,4,f,CALCULATED_TRACK_TR_202111,8.7,4,250.8025863,,NaN,NaN,,-44.62317591,56.15386652,f,,Galaxy,Field galaxies,GSC30,0.060898669,0.126326335,483.15465,POLYGON ICRS  56.163959708 -44.616718781 56.140664449 -44.622471194 56.148538897 -44.638925656 56.171872895 -44.633364811,1.15.1,RELEASE,jwst_1276.pmap,11.17.25,SHORT,,0,0,0,0,0,0,NULL,NULL,NULL,0,0,0,0,0,0,B,f,CLEAR,SMALL-GRID-DITHER,1,4,117544320,c91eb4876a70ed318164a6c2ef608b3c,9/11/2024 0:25,60564.01765,9/11/2024 0:25,60564.01771,68,8/4/2024 9:42,60526.4048,FALSE,FALSE,FALSE,2685999,mast:JWST/product/jw01685013001_04101_00002_nrcb1_cal.fits
